{"timestamp":"2026-10-01T11:47:48.529Z","level":"INFO","message":"Testando conexão com o banco (Prisma)..."}
{"timestamp":"2026-10-01T11:47:48.634Z","level":"INFO","message":"Servidor iniciado com sucesso","port":"3001","url":"http://localhost:3001","apiUrl":"http://localhost:3001/api"}
{"timestamp":"2026-10-01T11:49:48.481Z","level":"INFO","message":"HTTP Request","method":"GET","path":"/","status":401,"duration":"1ms","userId":"anonymous"}
{"timestamp":"2026-10-01T11:49:48.492Z","level":"INFO","message":"HTTP Request","method":"GET","path":"/","status":401,"duration":"0ms","userId":"anonymous"}
{"timestamp":"2026-10-01T11:50:18.898Z","level":"INFO","message":"HTTP Request","method":"GET","path":"/","status":401,"duration":"0ms","userId":"anonymous"}
{"timestamp":"2026-10-01T11:50:18.906Z","level":"INFO","message":"HTTP Request","method":"GET","path":"/","status":401,"duration":"0ms","userId":"anonymous"}
{"timestamp":"2026-10-01T11:50:35.330Z","level":"INFO","message":"HTTP Request","method":"GET","path":"/","status":401,"duration":"0ms","userId":"anonymous"}
{"timestamp":"2026-10-01T11:50:35.339Z","level":"INFO","message":"HTTP Request","method":"GET","path":"/","status":401,"duration":"1ms","userId":"anonymous"}
{"timestamp":"2026-10-01T11:51:23.486Z","level":"INFO","message":"HTTP Request","method":"POST","path":"/login","status":401,"duration":"118ms","userId":"anonymous"}
{"timestamp":"2026-10-01T11:51:32.514Z","level":"INFO","message":"HTTP Request","method":"POST","path":"/login","status":401,"duration":"3ms","userId":"anonymous"}
{"timestamp":"2026-10-01T11:51:35.331Z","level":"INFO","message":"HTTP Request","method":"GET","path":"/","status":401,"duration":"1ms","userId":"anonymous"}
{"timestamp":"2026-10-01T11:52:01.533Z","level":"INFO","message":"HTTP Request","method":"POST","path":"/login","status":200,"duration":"166ms","userId":"anonymous"}
{"timestamp":"2026-10-01T11:52:01.827Z","level":"INFO","message":"HTTP Request","method":"GET","path":"/","status":200,"duration":"161ms","userId":"cmupgyqq50000ugkk3eay0h1k"}
{"timestamp":"2026-10-01T11:52:01.839Z","level":"INFO","message":"HTTP Request","method":"GET","path":"/","status":200,"duration":"6ms","userId":"cmupgyqq50000ugkk3eay0h1k"}
{"timestamp":"2026-10-01T11:52:35.336Z","level":"INFO","message":"HTTP Request","method":"GET","path":"/","status":200,"duration":"5ms","userId":"cmupgyqq50000ugkk3eay0h1k"}
{"timestamp":"2026-10-01T11:53:02.327Z","level":"INFO","message":"HTTP Request","method":"GET","path":"/","status":200,"duration":"4ms","userId":"cmupgyqq50000ugkk3eay0h1k"}
{"timestamp":"2026-10-01T11:53:35.333Z","level":"INFO","message":"HTTP Request","method":"GET","path":"/","status":200,"duration":"5ms","userId":"cmupgyqq50000ugkk3eay0h1k"}
{"timestamp":"2026-10-01T11:54:02.337Z","level":"INFO","message":"HTTP Request","method":"GET","path":"/","status":200,"duration":"6ms","userId":"cmupgyqq50000ugkk3eay0h1k"}
{"timestamp":"2026-10-01T11:54:35.332Z","level":"INFO","message":"HTTP Request","method":"GET","path":"/","status":200,"duration":"4ms","userId":"cmupgyqq50000ugkk3eay0h1k"}
{"timestamp":"2026-10-01T11:55:01.668Z","level":"INFO","message":"HTTP Request","method":"GET","path":"/","status":200,"duration":"6ms","userId":"cmupgyqq50000ugkk3eay0h1k"}
{"timestamp":"2026-10-01T11:55:35.336Z","level":"INFO","message":"HTTP Request","method":"GET","path":"/","status":200,"duration":"5ms","userId":"cmupgyqq50000ugkk3eay0h1k"}
{"timestamp":"2026-10-01T11:56:02.340Z","level":"INFO","message":"HTTP Request","method":"GET","path":"/","status":200,"duration":"5ms","userId":"cmupgyqq50000ugkk3eay0h1k"}
{"timestamp":"2026-10-01T11:56:35.342Z","level":"INFO","message":"HTTP Request","method":"GET","path":"/","status":200,"duration":"4ms","userId":"cmupgyqq50000ugkk3eay0h1k"}
{"timestamp":"2026-10-01T11:57:02.440Z","level":"INFO","message":"HTTP Request","method":"GET","path":"/","status":200,"duration":"105ms","userId":"cmupgyqq50000ugkk3eay0h1k"}
{"timestamp":"2026-10-01T11:57:43.345Z","level":"INFO","message":"HTTP Request","method":"GET","path":"/","status":200,"duration":"6ms","userId":"cmupgyqq50000ugkk3eay0h1k"}
{"timestamp":"2026-10-01T11:57:56.831Z","level":"INFO","message":"Testando conexão com o banco (Prisma)..."}
{"timestamp":"2026-10-01T11:57:56.941Z","level":"INFO","message":"Servidor iniciado com sucesso","port":"3001","url":"http://localhost:3001","apiUrl":"http://localhost:3001/api"}
{"timestamp":"2026-10-01T11:57:58.609Z","level":"INFO","message":"HTTP Request","method":"GET","path":"/","status":200,"duration":"136ms","userId":"cmupgyqq50000ugkk3eay0h1k"}
{"timestamp":"2026-10-01T11:57:58.623Z","level":"INFO","message":"HTTP Request","method":"GET","path":"/","status":200,"duration":"5ms","userId":"cmupgyqq50000ugkk3eay0h1k"}
{"timestamp":"2026-10-01T11:57:58.633Z","level":"INFO","message":"HTTP Request","method":"GET","path":"/","status":200,"duration":"4ms","userId":"cmupgyqq50000ugkk3eay0h1k"}
{"timestamp":"2026-10-01T11:57:58.644Z","level":"INFO","message":"HTTP Request","method":"GET","path":"/","status":200,"duration":"5ms","userId":"cmupgyqq50000ugkk3eay0h1k"}
{"timestamp":"2026-10-01T11:58:59.367Z","level":"INFO","message":"HTTP Request","method":"GET","path":"/","status":200,"duration":"7ms","userId":"cmupgyqq50000ugkk3eay0h1k"}
{"timestamp":"2026-10-01T11:59:45.490Z","level":"INFO","message":"HTTP Request","method":"GET","path":"/","status":200,"duration":"4ms","userId":"cmupgyqq50000ugkk3eay0h1k"}
{"timestamp":"2026-10-01T11:59:45.501Z","level":"INFO","message":"HTTP Request","method":"GET","path":"/","status":200,"duration":"5ms","userId":"cmupgyqq50000ugkk3eay0h1k"}
{"timestamp":"2026-10-01T11:59:51.483Z","level":"INFO","message":"HTTP Request","method":"GET","path":"/","status":200,"duration":"3ms","userId":"cmupgyqq50000ugkk3eay0h1k"}
{"timestamp":"2026-10-01T11:59:51.491Z","level":"INFO","message":"HTTP Request","method":"GET","path":"/","status":200,"duration":"4ms","userId":"cmupgyqq50000ugkk3eay0h1k"}
{"timestamp":"2026-10-01T12:00:04.489Z","level":"INFO","message":"HTTP Request","method":"GET","path":"/","status":200,"duration":"7ms","userId":"cmupgyqq50000ugkk3eay0h1k"}
{"timestamp":"2026-10-01T12:00:04.513Z","level":"INFO","message":"HTTP Request","method":"GET","path":"/","status":200,"duration":"5ms","userId":"cmupgyqq50000ugkk3eay0h1k"}
{"timestamp":"2026-10-01T12:00:57.715Z","level":"INFO","message":"Testando conexão com o banco (Prisma)..."}
{"timestamp":"2026-10-01T12:00:57.829Z","level":"INFO","message":"Servidor iniciado com sucesso","port":"3001","url":"http://localhost:3001","apiUrl":"http://localhost:3001/api"}
{"timestamp":"2026-10-01T12:01:00.562Z","level":"INFO","message":"HTTP Request","method":"GET","path":"/","status":200,"duration":"82ms","userId":"cmupgyqq50000ugkk3eay0h1k"}
{"timestamp":"2026-10-01T12:01:00.573Z","level":"INFO","message":"HTTP Request","method":"GET","path":"/","status":200,"duration":"5ms","userId":"cmupgyqq50000ugkk3eay0h1k"}
{"timestamp":"2026-10-01T12:02:01.346Z","level":"INFO","message":"HTTP Request","method":"GET","path":"/","status":200,"duration":"5ms","userId":"cmupgyqq50000ugkk3eay0h1k"}
{"timestamp":"2026-10-01T12:03:01.333Z","level":"INFO","message":"HTTP Request","method":"GET","path":"/","status":200,"duration":"4ms","userId":"cmupgyqq50000ugkk3eay0h1k"}
{"timestamp":"2026-10-01T12:04:01.342Z","level":"INFO","message":"HTTP Request","method":"GET","path":"/","status":200,"duration":"5ms","userId":"cmupgyqq50000ugkk3eay0h1k"}
{"timestamp":"2026-10-01T12:05:01.348Z","level":"INFO","message":"HTTP Request","method":"GET","path":"/","status":200,"duration":"5ms","userId":"cmupgyqq50000ugkk3eay0h1k"}
{"timestamp":"2026-10-01T12:05:21.990Z","level":"INFO","message":"Testando conexão com o banco (Prisma)..."}
{"timestamp":"2026-10-01T12:05:22.102Z","level":"INFO","message":"Servidor iniciado com sucesso","port":"3001","url":"http://localhost:3001","apiUrl":"http://localhost:3001/api"}
{"timestamp":"2026-10-01T12:06:01.420Z","level":"INFO","message":"HTTP Request","method":"GET","path":"/","status":200,"duration":"87ms","userId":"cmupgyqq50000ugkk3eay0h1k"}
{"timestamp":"2026-10-01T12:07:01.338Z","level":"INFO","message":"HTTP Request","method":"GET","path":"/","status":200,"duration":"7ms","userId":"cmupgyqq50000ugkk3eay0h1k"}
{"timestamp":"2026-10-01T12:07:34.852Z","level":"INFO","message":"Testando conexão com o banco (Prisma)..."}
{"timestamp":"2026-10-01T12:07:34.981Z","level":"INFO","message":"Servidor iniciado com sucesso","port":"3001","url":"http://localhost:3001","apiUrl":"http://localhost:3001/api"}
{"timestamp":"2026-10-01T12:07:38.210Z","level":"INFO","message":"Testando conexão com o banco (Prisma)..."}
{"timestamp":"2026-10-01T12:07:38.319Z","level":"INFO","message":"Servidor iniciado com sucesso","port":"3001","url":"http://localhost:3001","apiUrl":"http://localhost:3001/api"}
{"timestamp":"2026-10-01T12:07:40.173Z","level":"INFO","message":"Testando conexão com o banco (Prisma)..."}
{"timestamp":"2026-10-01T12:07:40.291Z","level":"INFO","message":"Servidor iniciado com sucesso","port":"3001","url":"http://localhost:3001","apiUrl":"http://localhost:3001/api"}
{"timestamp":"2026-10-01T12:07:43.342Z","level":"INFO","message":"Testando conexão com o banco (Prisma)..."}
{"timestamp":"2026-10-01T12:07:43.479Z","level":"INFO","message":"Servidor iniciado com sucesso","port":"3001","url":"http://localhost:3001","apiUrl":"http://localhost:3001/api"}
{"timestamp":"2026-10-01T12:07:46.111Z","level":"INFO","message":"Testando conexão com o banco (Prisma)..."}
{"timestamp":"2026-10-01T12:07:46.221Z","level":"INFO","message":"Servidor iniciado com sucesso","port":"3001","url":"http://localhost:3001","apiUrl":"http://localhost:3001/api"}
{"timestamp":"2026-10-01T12:07:48.616Z","level":"INFO","message":"HTTP Request","method":"GET","path":"/","status":200,"duration":"97ms","userId":"cmupgyqq50000ugkk3eay0h1k"}
{"timestamp":"2026-10-01T12:07:48.630Z","level":"INFO","message":"HTTP Request","method":"GET","path":"/","status":200,"duration":"6ms","userId":"cmupgyqq50000ugkk3eay0h1k"}
{"timestamp":"2026-10-01T12:07:50.408Z","level":"INFO","message":"Testando conexão com o banco (Prisma)..."}
{"timestamp":"2026-10-01T12:07:50.525Z","level":"INFO","message":"Servidor iniciado com sucesso","port":"3001","url":"http://localhost:3001","apiUrl":"http://localhost:3001/api"}
{"timestamp":"2026-10-01T12:07:51.483Z","level":"INFO","message":"Testando conexão com o banco (Prisma)..."}
{"timestamp":"2026-10-01T12:07:51.594Z","level":"INFO","message":"Servidor iniciado com sucesso","port":"3001","url":"http://localhost:3001","apiUrl":"http://localhost:3001/api"}
{"timestamp":"2026-10-01T12:07:54.581Z","level":"INFO","message":"HTTP Request","method":"GET","path":"/","status":200,"duration":"96ms","userId":"cmupgyqq50000ugkk3eay0h1k"}
{"timestamp":"2026-10-01T12:07:54.598Z","level":"INFO","message":"HTTP Request","method":"GET","path":"/","status":200,"duration":"6ms","userId":"cmupgyqq50000ugkk3eay0h1k"}
{"timestamp":"2026-10-01T12:08:02.253Z","level":"INFO","message":"Testando conexão com o banco (Prisma)..."}
{"timestamp":"2026-10-01T12:08:02.357Z","level":"INFO","message":"Servidor iniciado com sucesso","port":"3001","url":"http://localhost:3001","apiUrl":"http://localhost:3001/api"}
{"timestamp":"2026-10-01T12:08:04.640Z","level":"INFO","message":"HTTP Request","method":"GET","path":"/","status":200,"duration":"92ms","userId":"cmupgyqq50000ugkk3eay0h1k"}
{"timestamp":"2026-10-01T12:08:04.650Z","level":"INFO","message":"HTTP Request","method":"GET","path":"/","status":200,"duration":"5ms","userId":"cmupgyqq50000ugkk3eay0h1k"}
{"timestamp":"2026-10-01T12:08:05.451Z","level":"INFO","message":"Testando conexão com o banco (Prisma)..."}
{"timestamp":"2026-10-01T12:08:05.576Z","level":"INFO","message":"Servidor iniciado com sucesso","port":"3001","url":"http://localhost:3001","apiUrl":"http://localhost:3001/api"}
{"timestamp":"2026-10-01T12:08:08.563Z","level":"INFO","message":"HTTP Request","method":"GET","path":"/","status":200,"duration":"88ms","userId":"cmupgyqq50000ugkk3eay0h1k"}
{"timestamp":"2026-10-01T12:08:08.579Z","level":"INFO","message":"HTTP Request","method":"GET","path":"/","status":200,"duration":"6ms","userId":"cmupgyqq50000ugkk3eay0h1k"}
{"timestamp":"2026-10-01T12:09:09.345Z","level":"INFO","message":"HTTP Request","method":"GET","path":"/","status":200,"duration":"6ms","userId":"cmupgyqq50000ugkk3eay0h1k"}
{"timestamp":"2026-10-01T12:09:10.483Z","level":"INFO","message":"Testando conexão com o banco (Prisma)..."}
{"timestamp":"2026-10-01T12:09:10.625Z","level":"INFO","message":"Servidor iniciado com sucesso","port":"3001","url":"http://localhost:3001","apiUrl":"http://localhost:3001/api"}
{"timestamp":"2026-10-01T12:09:13.680Z","level":"INFO","message":"HTTP Request","method":"GET","path":"/","status":200,"duration":"204ms","userId":"cmupgyqq50000ugkk3eay0h1k"}
{"timestamp":"2026-10-01T12:09:13.696Z","level":"INFO","message":"HTTP Request","method":"GET","path":"/","status":200,"duration":"7ms","userId":"cmupgyqq50000ugkk3eay0h1k"}
{"timestamp":"2026-10-01T12:09:48.120Z","level":"INFO","message":"Testando conexão com o banco (Prisma)..."}
{"timestamp":"2026-10-01T12:09:48.226Z","level":"INFO","message":"Servidor iniciado com sucesso","port":"3001","url":"http://localhost:3001","apiUrl":"http://localhost:3001/api"}
{"timestamp":"2026-10-01T12:09:50.556Z","level":"INFO","message":"HTTP Request","method":"GET","path":"/","status":200,"duration":"84ms","userId":"cmupgyqq50000ugkk3eay0h1k"}
{"timestamp":"2026-10-01T12:09:50.569Z","level":"INFO","message":"HTTP Request","method":"GET","path":"/","status":200,"duration":"4ms","userId":"cmupgyqq50000ugkk3eay0h1k"}
{"timestamp":"2026-10-01T12:09:53.635Z","level":"INFO","message":"Testando conexão com o banco (Prisma)..."}
{"timestamp":"2026-10-01T12:09:53.774Z","level":"INFO","message":"Servidor iniciado com sucesso","port":"3001","url":"http://localhost:3001","apiUrl":"http://localhost:3001/api"}
{"timestamp":"2026-10-01T12:09:55.342Z","level":"INFO","message":"Testando conexão com o banco (Prisma)..."}
{"timestamp":"2026-10-01T12:09:55.475Z","level":"INFO","message":"Servidor iniciado com sucesso","port":"3001","url":"http://localhost:3001","apiUrl":"http://localhost:3001/api"}
{"timestamp":"2026-10-01T12:09:58.330Z","level":"INFO","message":"Testando conexão com o banco (Prisma)..."}
{"timestamp":"2026-10-01T12:09:58.452Z","level":"INFO","message":"Servidor iniciado com sucesso","port":"3001","url":"http://localhost:3001","apiUrl":"http://localhost:3001/api"}
{"timestamp":"2026-10-01T12:09:59.896Z","level":"INFO","message":"Testando conexão com o banco (Prisma)..."}
{"timestamp":"2026-10-01T12:09:59.996Z","level":"INFO","message":"Servidor iniciado com sucesso","port":"3001","url":"http://localhost:3001","apiUrl":"http://localhost:3001/api"}
{"timestamp":"2026-10-01T12:10:02.603Z","level":"INFO","message":"HTTP Request","method":"GET","path":"/","status":200,"duration":"88ms","userId":"cmupgyqq50000ugkk3eay0h1k"}
{"timestamp":"2026-10-01T12:10:02.619Z","level":"INFO","message":"HTTP Request","method":"GET","path":"/","status":200,"duration":"8ms","userId":"cmupgyqq50000ugkk3eay0h1k"}
{"timestamp":"2026-10-01T12:10:07.056Z","level":"INFO","message":"Testando conexão com o banco (Prisma)..."}
{"timestamp":"2026-10-01T12:10:07.157Z","level":"INFO","message":"Servidor iniciado com sucesso","port":"3001","url":"http://localhost:3001","apiUrl":"http://localhost:3001/api"}
{"timestamp":"2026-10-01T12:10:09.565Z","level":"INFO","message":"HTTP Request","method":"GET","path":"/","status":200,"duration":"91ms","userId":"cmupgyqq50000ugkk3eay0h1k"}
{"timestamp":"2026-10-01T12:10:09.579Z","level":"INFO","message":"HTTP Request","method":"GET","path":"/","status":200,"duration":"5ms","userId":"cmupgyqq50000ugkk3eay0h1k"}
{"timestamp":"2026-10-01T12:11:47.318Z","level":"INFO","message":"Testando conexão com o banco (Prisma)..."}
{"timestamp":"2026-10-01T12:11:47.422Z","level":"INFO","message":"Servidor iniciado com sucesso","port":"3001","url":"http://localhost:3001","apiUrl":"http://localhost:3001/api"}
{"timestamp":"2026-10-01T12:12:29.888Z","level":"INFO","message":"Testando conexão com o banco (Prisma)..."}
{"timestamp":"2026-10-01T12:12:30.008Z","level":"INFO","message":"Servidor iniciado com sucesso","port":"3001","url":"http://localhost:3001","apiUrl":"http://localhost:3001/api"}
{"timestamp":"2026-10-01T12:13:22.211Z","level":"INFO","message":"HTTP Request","method":"GET","path":"/","status":200,"duration":"124ms","userId":"cmupgyqq50000ugkk3eay0h1k"}
{"timestamp":"2026-10-01T12:13:24.729Z","level":"INFO","message":"HTTP Request","method":"GET","path":"/","status":200,"duration":"6ms","userId":"cmupgyqq50000ugkk3eay0h1k"}
{"timestamp":"2026-10-01T12:13:24.745Z","level":"INFO","message":"HTTP Request","method":"GET","path":"/","status":200,"duration":"9ms","userId":"cmupgyqq50000ugkk3eay0h1k"}
{"timestamp":"2026-10-01T12:13:32.049Z","level":"INFO","message":"HTTP Request","method":"POST","path":"/login","status":200,"duration":"270ms","userId":"anonymous"}
{"timestamp":"2026-10-01T12:13:32.195Z","level":"INFO","message":"HTTP Request","method":"GET","path":"/","status":200,"duration":"6ms","userId":"cmupgyqq50000ugkk3eay0h1k"}
{"timestamp":"2026-10-01T12:13:32.210Z","level":"INFO","message":"HTTP Request","method":"GET","path":"/","status":200,"duration":"7ms","userId":"cmupgyqq50000ugkk3eay0h1k"}
{"timestamp":"2026-10-01T12:14:32.336Z","level":"INFO","message":"HTTP Request","method":"GET","path":"/","status":200,"duration":"5ms","userId":"cmupgyqq50000ugkk3eay0h1k"}
{"timestamp":"2026-10-01T12:15:32.332Z","level":"INFO","message":"HTTP Request","method":"GET","path":"/","status":200,"duration":"5ms","userId":"cmupgyqq50000ugkk3eay0h1k"}
{"timestamp":"2026-10-01T12:16:32.194Z","level":"INFO","message":"HTTP Request","method":"GET","path":"/","status":200,"duration":"7ms","userId":"cmupgyqq50000ugkk3eay0h1k"}
{"timestamp":"2026-10-01T12:17:32.214Z","level":"INFO","message":"HTTP Request","method":"GET","path":"/","status":200,"duration":"6ms","userId":"cmupgyqq50000ugkk3eay0h1k"}
{"timestamp":"2026-10-01T12:18:32.295Z","level":"INFO","message":"HTTP Request","method":"GET","path":"/","status":200,"duration":"99ms","userId":"cmupgyqq50000ugkk3eay0h1k"}
{"timestamp":"2026-10-01T12:19:32.190Z","level":"INFO","message":"HTTP Request","method":"GET","path":"/","status":200,"duration":"5ms","userId":"cmupgyqq50000ugkk3eay0h1k"}
{"timestamp":"2026-10-01T12:20:11.103Z","level":"INFO","message":"HTTP Request","method":"GET","path":"/admin/dashboard","status":200,"duration":"296ms","userId":"cmupgyqq50000ugkk3eay0h1k"}
{"timestamp":"2026-10-01T12:20:32.202Z","level":"INFO","message":"HTTP Request","method":"GET","path":"/","status":200,"duration":"6ms","userId":"cmupgyqq50000ugkk3eay0h1k"}
{"timestamp":"2026-10-01T12:21:32.332Z","level":"INFO","message":"HTTP Request","method":"GET","path":"/","status":200,"duration":"4ms","userId":"cmupgyqq50000ugkk3eay0h1k"}
{"timestamp":"2026-10-01T12:22:15.609Z","level":"INFO","message":"HTTP Request","method":"GET","path":"/","status":200,"duration":"3ms","userId":"cmupgyqq50000ugkk3eay0h1k"}
{"timestamp":"2026-10-01T12:22:15.616Z","level":"INFO","message":"HTTP Request","method":"GET","path":"/","status":200,"duration":"4ms","userId":"cmupgyqq50000ugkk3eay0h1k"}
{"timestamp":"2026-10-01T12:23:16.338Z","level":"INFO","message":"HTTP Request","method":"GET","path":"/","status":200,"duration":"4ms","userId":"cmupgyqq50000ugkk3eay0h1k"}
{"timestamp":"2026-10-01T12:24:16.416Z","level":"INFO","message":"HTTP Request","method":"GET","path":"/","status":200,"duration":"85ms","userId":"cmupgyqq50000ugkk3eay0h1k"}
{"timestamp":"2026-10-01T12:24:26.483Z","level":"INFO","message":"HTTP Request","method":"GET","path":"/admin/dashboard","status":200,"duration":"8ms","userId":"cmupgyqq50000ugkk3eay0h1k"}
{"timestamp":"2026-10-01T12:27:47.590Z","level":"INFO","message":"HTTP Request","method":"GET","path":"/","status":200,"duration":"9ms","userId":"cmupgyqq50000ugkk3eay0h1k"}
{"timestamp":"2026-10-01T12:27:47.618Z","level":"INFO","message":"HTTP Request","method":"GET","path":"/","status":200,"duration":"5ms","userId":"cmupgyqq50000ugkk3eay0h1k"}
{"timestamp":"2026-10-01T12:27:47.991Z","level":"INFO","message":"HTTP Request","method":"GET","path":"/admin/dashboard","status":200,"duration":"406ms","userId":"cmupgyqq50000ugkk3eay0h1k"}
{"timestamp":"2026-10-01T12:27:48.002Z","level":"INFO","message":"HTTP Request","method":"GET","path":"/admin/dashboard","status":200,"duration":"6ms","userId":"cmupgyqq50000ugkk3eay0h1k"}
{"timestamp":"2026-10-01T12:28:47.548Z","level":"INFO","message":"HTTP Request","method":"GET","path":"/","status":200,"duration":"4ms","userId":"cmupgyqq50000ugkk3eay0h1k"}
{"timestamp":"2026-10-01T12:29:47.625Z","level":"INFO","message":"HTTP Request","method":"GET","path":"/","status":200,"duration":"93ms","userId":"cmupgyqq50000ugkk3eay0h1k"}
{"timestamp":"2026-10-01T12:30:48.335Z","level":"INFO","message":"HTTP Request","method":"GET","path":"/","status":200,"duration":"5ms","userId":"cmupgyqq50000ugkk3eay0h1k"}
{"timestamp":"2026-10-01T12:31:48.334Z","level":"INFO","message":"HTTP Request","method":"GET","path":"/","status":200,"duration":"4ms","userId":"cmupgyqq50000ugkk3eay0h1k"}
{"timestamp":"2026-10-01T12:38:30.937Z","level":"INFO","message":"Testando conexão com o banco (Prisma)..."}
{"timestamp":"2026-10-01T12:38:31.049Z","level":"INFO","message":"Servidor iniciado com sucesso","port":"3001","url":"http://localhost:3001","apiUrl":"http://localhost:3001/api"}
{"timestamp":"2026-10-01T12:38:49.096Z","level":"INFO","message":"Testando conexão com o banco (Prisma)..."}
{"timestamp":"2026-10-01T12:38:49.204Z","level":"INFO","message":"Servidor iniciado com sucesso","port":"3001","url":"http://localhost:3001","apiUrl":"http://localhost:3001/api"}
{"timestamp":"2026-10-01T12:39:23.216Z","level":"INFO","message":"HTTP Request","method":"POST","path":"/login","status":200,"duration":"253ms","userId":"anonymous"}
{"timestamp":"2026-10-01T12:39:23.485Z","level":"INFO","message":"HTTP Request","method":"GET","path":"/","status":200,"duration":"98ms","userId":"cmupgyqq50000ugkk3eay0h1k"}
{"timestamp":"2026-10-01T12:39:23.500Z","level":"INFO","message":"HTTP Request","method":"GET","path":"/","status":200,"duration":"8ms","userId":"cmupgyqq50000ugkk3eay0h1k"}
{"timestamp":"2026-10-01T12:39:23.702Z","level":"INFO","message":"HTTP Request","method":"GET","path":"/admin/dashboard","status":200,"duration":"307ms","userId":"cmupgyqq50000ugkk3eay0h1k"}
{"timestamp":"2026-10-01T12:39:23.717Z","level":"INFO","message":"HTTP Request","method":"GET","path":"/admin/dashboard","status":200,"duration":"9ms","userId":"cmupgyqq50000ugkk3eay0h1k"}
{"timestamp":"2026-10-01T12:39:46.602Z","level":"INFO","message":"HTTP Request","method":"GET","path":"/admin/dashboard","status":200,"duration":"12ms","userId":"cmupgyqq50000ugkk3eay0h1k"}
{"timestamp":"2026-10-01T12:40:23.385Z","level":"INFO","message":"HTTP Request","method":"GET","path":"/","status":200,"duration":"5ms","userId":"cmupgyqq50000ugkk3eay0h1k"}
{"timestamp":"2026-10-01T12:41:24.347Z","level":"INFO","message":"HTTP Request","method":"GET","path":"/","status":200,"duration":"11ms","userId":"cmupgyqq50000ugkk3eay0h1k"}
{"timestamp":"2026-10-01T12:42:24.343Z","level":"INFO","message":"HTTP Request","method":"GET","path":"/","status":200,"duration":"4ms","userId":"cmupgyqq50000ugkk3eay0h1k"}
{"timestamp":"2026-10-01T12:43:24.343Z","level":"INFO","message":"HTTP Request","method":"GET","path":"/","status":200,"duration":"6ms","userId":"cmupgyqq50000ugkk3eay0h1k"}
{"timestamp":"2026-10-01T12:44:23.145Z","level":"INFO","message":"HTTP Request","method":"GET","path":"/","status":200,"duration":"7ms","userId":"cmupgyqq50000ugkk3eay0h1k"}
{"timestamp":"2026-10-01T12:44:23.164Z","level":"INFO","message":"HTTP Request","method":"GET","path":"/","status":200,"duration":"8ms","userId":"cmupgyqq50000ugkk3eay0h1k"}
{"timestamp":"2026-10-01T12:45:23.534Z","level":"INFO","message":"HTTP Request","method":"GET","path":"/","status":200,"duration":"195ms","userId":"cmupgyqq50000ugkk3eay0h1k"}
{"timestamp":"2026-10-01T12:46:23.009Z","level":"INFO","message":"HTTP Request","method":"GET","path":"/","status":200,"duration":"4ms","userId":"cmupgyqq50000ugkk3eay0h1k"}
{"timestamp":"2026-10-01T12:47:23.014Z","level":"INFO","message":"HTTP Request","method":"GET","path":"/","status":200,"duration":"4ms","userId":"cmupgyqq50000ugkk3eay0h1k"}
{"timestamp":"2026-10-01T12:48:23.010Z","level":"INFO","message":"HTTP Request","method":"GET","path":"/","status":200,"duration":"5ms","userId":"cmupgyqq50000ugkk3eay0h1k"}
{"timestamp":"2026-10-01T12:49:23.332Z","level":"INFO","message":"HTTP Request","method":"GET","path":"/","status":200,"duration":"4ms","userId":"cmupgyqq50000ugkk3eay0h1k"}
{"timestamp":"2026-10-01T12:50:23.333Z","level":"INFO","message":"HTTP Request","method":"GET","path":"/","status":200,"duration":"4ms","userId":"cmupgyqq50000ugkk3eay0h1k"}
{"timestamp":"2026-10-01T12:51:23.094Z","level":"INFO","message":"HTTP Request","method":"GET","path":"/","status":200,"duration":"79ms","userId":"cmupgyqq50000ugkk3eay0h1k"}
{"timestamp":"2026-10-01T12:52:23.337Z","level":"INFO","message":"HTTP Request","method":"GET","path":"/","status":200,"duration":"3ms","userId":"cmupgyqq50000ugkk3eay0h1k"}
{"timestamp":"2026-10-01T12:53:32.339Z","level":"INFO","message":"HTTP Request","method":"GET","path":"/","status":200,"duration":"4ms","userId":"cmupgyqq50000ugkk3eay0h1k"}
{"timestamp":"2026-10-01T12:54:23.341Z","level":"INFO","message":"HTTP Request","method":"GET","path":"/","status":200,"duration":"4ms","userId":"cmupgyqq50000ugkk3eay0h1k"}
{"timestamp":"2026-10-01T12:55:32.334Z","level":"INFO","message":"HTTP Request","method":"GET","path":"/","status":200,"duration":"4ms","userId":"cmupgyqq50000ugkk3eay0h1k"}
{"timestamp":"2026-10-01T12:56:33.419Z","level":"INFO","message":"HTTP Request","method":"GET","path":"/","status":200,"duration":"87ms","userId":"cmupgyqq50000ugkk3eay0h1k"}
{"timestamp":"2026-10-01T12:57:34.335Z","level":"INFO","message":"HTTP Request","method":"GET","path":"/","status":200,"duration":"3ms","userId":"cmupgyqq50000ugkk3eay0h1k"}
{"timestamp":"2026-10-01T12:58:35.334Z","level":"INFO","message":"HTTP Request","method":"GET","path":"/","status":200,"duration":"4ms","userId":"cmupgyqq50000ugkk3eay0h1k"}
{"timestamp":"2026-10-01T12:59:36.341Z","level":"INFO","message":"HTTP Request","method":"GET","path":"/","status":200,"duration":"4ms","userId":"cmupgyqq50000ugkk3eay0h1k"}
{"timestamp":"2026-10-01T13:00:37.344Z","level":"INFO","message":"HTTP Request","method":"GET","path":"/","status":200,"duration":"4ms","userId":"cmupgyqq50000ugkk3eay0h1k"}
{"timestamp":"2026-10-01T13:01:38.420Z","level":"INFO","message":"HTTP Request","method":"GET","path":"/","status":200,"duration":"92ms","userId":"cmupgyqq50000ugkk3eay0h1k"}
{"timestamp":"2026-10-01T13:02:39.342Z","level":"INFO","message":"HTTP Request","method":"GET","path":"/","status":200,"duration":"4ms","userId":"cmupgyqq50000ugkk3eay0h1k"}
{"timestamp":"2026-10-01T13:03:40.340Z","level":"INFO","message":"HTTP Request","method":"GET","path":"/","status":200,"duration":"3ms","userId":"cmupgyqq50000ugkk3eay0h1k"}
{"timestamp":"2026-10-01T13:04:41.351Z","level":"INFO","message":"HTTP Request","method":"GET","path":"/","status":200,"duration":"4ms","userId":"cmupgyqq50000ugkk3eay0h1k"}
{"timestamp":"2026-10-01T13:05:42.332Z","level":"INFO","message":"HTTP Request","method":"GET","path":"/","status":200,"duration":"5ms","userId":"cmupgyqq50000ugkk3eay0h1k"}
{"timestamp":"2026-10-01T13:06:42.527Z","level":"INFO","message":"HTTP Request","method":"GET","path":"/","status":200,"duration":"98ms","userId":"cmupgyqq50000ugkk3eay0h1k"}
{"timestamp":"2026-10-01T13:07:23.331Z","level":"INFO","message":"HTTP Request","method":"GET","path":"/","status":200,"duration":"2ms","userId":"cmupgyqq50000ugkk3eay0h1k"}
{"timestamp":"2026-10-01T13:08:32.332Z","level":"INFO","message":"HTTP Request","method":"GET","path":"/","status":200,"duration":"4ms","userId":"cmupgyqq50000ugkk3eay0h1k"}
{"timestamp":"2026-10-01T13:09:33.337Z","level":"INFO","message":"HTTP Request","method":"GET","path":"/","status":200,"duration":"4ms","userId":"cmupgyqq50000ugkk3eay0h1k"}
{"timestamp":"2026-10-01T13:10:34.335Z","level":"INFO","message":"HTTP Request","method":"GET","path":"/","status":200,"duration":"5ms","userId":"cmupgyqq50000ugkk3eay0h1k"}
{"timestamp":"2026-10-01T13:11:35.335Z","level":"INFO","message":"HTTP Request","method":"GET","path":"/","status":200,"duration":"4ms","userId":"cmupgyqq50000ugkk3eay0h1k"}
{"timestamp":"2026-10-01T13:12:36.417Z","level":"INFO","message":"HTTP Request","method":"GET","path":"/","status":200,"duration":"78ms","userId":"cmupgyqq50000ugkk3eay0h1k"}
{"timestamp":"2026-10-01T13:13:37.342Z","level":"INFO","message":"HTTP Request","method":"GET","path":"/","status":200,"duration":"4ms","userId":"cmupgyqq50000ugkk3eay0h1k"}
{"timestamp":"2026-10-01T13:14:38.342Z","level":"INFO","message":"HTTP Request","method":"GET","path":"/","status":200,"duration":"3ms","userId":"cmupgyqq50000ugkk3eay0h1k"}
{"timestamp":"2026-10-01T13:15:34.598Z","level":"INFO","message":"HTTP Request","method":"GET","path":"/","status":200,"duration":"4ms","userId":"cmupgyqq50000ugkk3eay0h1k"}
{"timestamp":"2026-10-01T13:15:34.604Z","level":"INFO","message":"HTTP Request","method":"GET","path":"/","status":200,"duration":"3ms","userId":"cmupgyqq50000ugkk3eay0h1k"}
{"timestamp":"2026-10-01T13:15:40.641Z","level":"INFO","message":"HTTP Request","method":"GET","path":"/","status":200,"duration":"6ms","userId":"cmupgyqq50000ugkk3eay0h1k"}
{"timestamp":"2026-10-01T13:15:40.654Z","level":"INFO","message":"HTTP Request","method":"GET","path":"/","status":200,"duration":"6ms","userId":"cmupgyqq50000ugkk3eay0h1k"}
{"timestamp":"2026-10-01T13:16:41.335Z","level":"INFO","message":"HTTP Request","method":"GET","path":"/","status":200,"duration":"6ms","userId":"cmupgyqq50000ugkk3eay0h1k"}
{"timestamp":"2026-10-01T13:16:44.428Z","level":"INFO","message":"Testando conexão com o banco (Prisma)..."}
{"timestamp":"2026-10-01T13:16:44.542Z","level":"INFO","message":"Servidor iniciado com sucesso","port":"3001","url":"http://localhost:3001","apiUrl":"http://localhost:3001/api"}
{"timestamp":"2026-10-01T13:16:46.671Z","level":"INFO","message":"HTTP Request","method":"GET","path":"/","status":200,"duration":"99ms","userId":"cmupgyqq50000ugkk3eay0h1k"}
{"timestamp":"2026-10-01T13:16:46.685Z","level":"INFO","message":"HTTP Request","method":"GET","path":"/","status":200,"duration":"6ms","userId":"cmupgyqq50000ugkk3eay0h1k"}
{"timestamp":"2026-10-01T13:16:48.882Z","level":"INFO","message":"Testando conexão com o banco (Prisma)..."}
{"timestamp":"2026-10-01T13:16:48.976Z","level":"INFO","message":"Servidor iniciado com sucesso","port":"3001","url":"http://localhost:3001","apiUrl":"http://localhost:3001/api"}
{"timestamp":"2026-10-01T13:16:51.679Z","level":"INFO","message":"HTTP Request","method":"GET","path":"/","status":200,"duration":"109ms","userId":"cmupgyqq50000ugkk3eay0h1k"}
{"timestamp":"2026-10-01T13:16:51.696Z","level":"INFO","message":"HTTP Request","method":"GET","path":"/","status":200,"duration":"8ms","userId":"cmupgyqq50000ugkk3eay0h1k"}
{"timestamp":"2026-10-01T13:17:16.604Z","level":"INFO","message":"Testando conexão com o banco (Prisma)..."}
{"timestamp":"2026-10-01T13:17:16.713Z","level":"INFO","message":"Servidor iniciado com sucesso","port":"3001","url":"http://localhost:3001","apiUrl":"http://localhost:3001/api"}
{"timestamp":"2026-10-01T13:17:19.668Z","level":"INFO","message":"HTTP Request","method":"GET","path":"/","status":200,"duration":"100ms","userId":"cmupgyqq50000ugkk3eay0h1k"}
{"timestamp":"2026-10-01T13:17:19.682Z","level":"INFO","message":"HTTP Request","method":"GET","path":"/","status":200,"duration":"6ms","userId":"cmupgyqq50000ugkk3eay0h1k"}
{"timestamp":"2026-10-01T13:17:35.521Z","level":"INFO","message":"Testando conexão com o banco (Prisma)..."}
{"timestamp":"2026-10-01T13:17:35.624Z","level":"INFO","message":"Servidor iniciado com sucesso","port":"3001","url":"http://localhost:3001","apiUrl":"http://localhost:3001/api"}
{"timestamp":"2026-10-01T13:17:37.766Z","level":"INFO","message":"HTTP Request","method":"GET","path":"/","status":200,"duration":"206ms","userId":"cmupgyqq50000ugkk3eay0h1k"}
{"timestamp":"2026-10-01T13:17:37.780Z","level":"INFO","message":"HTTP Request","method":"GET","path":"/","status":200,"duration":"5ms","userId":"cmupgyqq50000ugkk3eay0h1k"}
{"timestamp":"2026-10-01T13:17:39.731Z","level":"INFO","message":"Testando conexão com o banco (Prisma)..."}
{"timestamp":"2026-10-01T13:17:39.833Z","level":"INFO","message":"Servidor iniciado com sucesso","port":"3001","url":"http://localhost:3001","apiUrl":"http://localhost:3001/api"}
{"timestamp":"2026-10-01T13:17:43.275Z","level":"INFO","message":"Testando conexão com o banco (Prisma)..."}
{"timestamp":"2026-10-01T13:17:43.392Z","level":"INFO","message":"Servidor iniciado com sucesso","port":"3001","url":"http://localhost:3001","apiUrl":"http://localhost:3001/api"}
{"timestamp":"2026-10-01T13:17:45.130Z","level":"INFO","message":"Testando conexão com o banco (Prisma)..."}
{"timestamp":"2026-10-01T13:17:45.241Z","level":"INFO","message":"Servidor iniciado com sucesso","port":"3001","url":"http://localhost:3001","apiUrl":"http://localhost:3001/api"}
{"timestamp":"2026-10-01T13:17:46.853Z","level":"INFO","message":"Testando conexão com o banco (Prisma)..."}
{"timestamp":"2026-10-01T13:17:46.966Z","level":"INFO","message":"Servidor iniciado com sucesso","port":"3001","url":"http://localhost:3001","apiUrl":"http://localhost:3001/api"}
{"timestamp":"2026-10-01T13:17:49.682Z","level":"INFO","message":"HTTP Request","method":"GET","path":"/","status":200,"duration":"110ms","userId":"cmupgyqq50000ugkk3eay0h1k"}
{"timestamp":"2026-10-01T13:17:49.698Z","level":"INFO","message":"HTTP Request","method":"GET","path":"/","status":200,"duration":"6ms","userId":"cmupgyqq50000ugkk3eay0h1k"}
{"timestamp":"2026-10-01T13:17:54.404Z","level":"INFO","message":"Testando conexão com o banco (Prisma)..."}
{"timestamp":"2026-10-01T13:17:54.507Z","level":"INFO","message":"Servidor iniciado com sucesso","port":"3001","url":"http://localhost:3001","apiUrl":"http://localhost:3001/api"}
{"timestamp":"2026-10-01T13:17:56.610Z","level":"INFO","message":"Testando conexão com o banco (Prisma)..."}
{"timestamp":"2026-10-01T13:17:56.734Z","level":"INFO","message":"Servidor iniciado com sucesso","port":"3001","url":"http://localhost:3001","apiUrl":"http://localhost:3001/api"}
{"timestamp":"2026-10-01T13:17:59.744Z","level":"INFO","message":"HTTP Request","method":"GET","path":"/","status":200,"duration":"92ms","userId":"cmupgyqq50000ugkk3eay0h1k"}
{"timestamp":"2026-10-01T13:17:59.755Z","level":"INFO","message":"HTTP Request","method":"GET","path":"/","status":200,"duration":"4ms","userId":"cmupgyqq50000ugkk3eay0h1k"}
{"timestamp":"2026-10-01T13:19:00.338Z","level":"INFO","message":"HTTP Request","method":"GET","path":"/","status":200,"duration":"6ms","userId":"cmupgyqq50000ugkk3eay0h1k"}
{"timestamp":"2026-10-01T13:20:00.337Z","level":"INFO","message":"HTTP Request","method":"GET","path":"/","status":200,"duration":"4ms","userId":"cmupgyqq50000ugkk3eay0h1k"}
{"timestamp":"2026-10-01T13:20:40.456Z","level":"INFO","message":"HTTP Request","method":"GET","path":"/","status":200,"duration":"102ms","userId":"cmupgyqq50000ugkk3eay0h1k"}
{"timestamp":"2026-10-01T13:20:40.465Z","level":"INFO","message":"HTTP Request","method":"GET","path":"/","status":200,"duration":"3ms","userId":"cmupgyqq50000ugkk3eay0h1k"}
{"timestamp":"2026-10-01T13:20:59.541Z","level":"INFO","message":"HTTP Request","method":"GET","path":"/","status":200,"duration":"4ms","userId":"cmupgyqq50000ugkk3eay0h1k"}
{"timestamp":"2026-10-01T13:21:59.549Z","level":"INFO","message":"HTTP Request","method":"GET","path":"/","status":200,"duration":"4ms","userId":"cmupgyqq50000ugkk3eay0h1k"}
{"timestamp":"2026-10-01T13:22:59.543Z","level":"INFO","message":"HTTP Request","method":"GET","path":"/","status":200,"duration":"6ms","userId":"cmupgyqq50000ugkk3eay0h1k"}
{"timestamp":"2026-10-01T13:23:59.612Z","level":"INFO","message":"HTTP Request","method":"GET","path":"/","status":200,"duration":"78ms","userId":"cmupgyqq50000ugkk3eay0h1k"}
{"timestamp":"2026-10-01T13:24:59.530Z","level":"INFO","message":"HTTP Request","method":"GET","path":"/","status":200,"duration":"5ms","userId":"cmupgyqq50000ugkk3eay0h1k"}
{"timestamp":"2026-10-01T13:26:00.336Z","level":"INFO","message":"HTTP Request","method":"GET","path":"/","status":200,"duration":"6ms","userId":"cmupgyqq50000ugkk3eay0h1k"}
{"timestamp":"2026-10-01T13:26:59.538Z","level":"INFO","message":"HTTP Request","method":"GET","path":"/","status":200,"duration":"4ms","userId":"cmupgyqq50000ugkk3eay0h1k"}
{"timestamp":"2026-10-01T13:28:00.334Z","level":"INFO","message":"HTTP Request","method":"GET","path":"/","status":200,"duration":"3ms","userId":"cmupgyqq50000ugkk3eay0h1k"}
{"timestamp":"2026-10-01T13:29:00.410Z","level":"INFO","message":"HTTP Request","method":"GET","path":"/","status":200,"duration":"80ms","userId":"cmupgyqq50000ugkk3eay0h1k"}
{"timestamp":"2026-10-01T13:30:00.341Z","level":"INFO","message":"HTTP Request","method":"GET","path":"/","status":200,"duration":"5ms","userId":"cmupgyqq50000ugkk3eay0h1k"}
{"timestamp":"2026-10-01T13:31:00.342Z","level":"INFO","message":"HTTP Request","method":"GET","path":"/","status":200,"duration":"9ms","userId":"cmupgyqq50000ugkk3eay0h1k"}
{"timestamp":"2026-10-01T13:32:00.344Z","level":"INFO","message":"HTTP Request","method":"GET","path":"/","status":200,"duration":"4ms","userId":"cmupgyqq50000ugkk3eay0h1k"}
{"timestamp":"2026-10-01T13:33:28.331Z","level":"INFO","message":"HTTP Request","method":"GET","path":"/","status":200,"duration":"5ms","userId":"cmupgyqq50000ugkk3eay0h1k"}
{"timestamp":"2026-10-01T13:34:29.410Z","level":"INFO","message":"HTTP Request","method":"GET","path":"/","status":200,"duration":"78ms","userId":"cmupgyqq50000ugkk3eay0h1k"}
{"timestamp":"2026-10-01T13:35:30.342Z","level":"INFO","message":"HTTP Request","method":"GET","path":"/","status":200,"duration":"3ms","userId":"cmupgyqq50000ugkk3eay0h1k"}
{"timestamp":"2026-10-01T13:36:31.335Z","level":"INFO","message":"HTTP Request","method":"GET","path":"/","status":200,"duration":"5ms","userId":"cmupgyqq50000ugkk3eay0h1k"}
{"timestamp":"2026-10-01T13:37:32.347Z","level":"INFO","message":"HTTP Request","method":"GET","path":"/","status":200,"duration":"5ms","userId":"cmupgyqq50000ugkk3eay0h1k"}
{"timestamp":"2026-10-01T13:37:37.216Z","level":"INFO","message":"HTTP Request","method":"GET","path":"/","status":200,"duration":"97ms","userId":"cmupgyqq50000ugkk3eay0h1k"}
{"timestamp":"2026-10-01T13:37:37.224Z","level":"INFO","message":"HTTP Request","method":"GET","path":"/","status":200,"duration":"2ms","userId":"cmupgyqq50000ugkk3eay0h1k"}
{"timestamp":"2026-10-01T13:37:59.529Z","level":"INFO","message":"HTTP Request","method":"GET","path":"/","status":200,"duration":"4ms","userId":"cmupgyqq50000ugkk3eay0h1k"}
{"timestamp":"2026-10-01T13:38:59.542Z","level":"INFO","message":"HTTP Request","method":"GET","path":"/","status":200,"duration":"4ms","userId":"cmupgyqq50000ugkk3eay0h1k"}
{"timestamp":"2026-10-01T13:39:59.630Z","level":"INFO","message":"HTTP Request","method":"GET","path":"/","status":200,"duration":"94ms","userId":"cmupgyqq50000ugkk3eay0h1k"}
{"timestamp":"2026-10-01T13:41:00.340Z","level":"INFO","message":"HTTP Request","method":"GET","path":"/","status":200,"duration":"5ms","userId":"cmupgyqq50000ugkk3eay0h1k"}
{"timestamp":"2026-10-01T13:42:00.332Z","level":"INFO","message":"HTTP Request","method":"GET","path":"/","status":200,"duration":"1ms","userId":"cmupgyqq50000ugkk3eay0h1k"}
{"timestamp":"2026-10-01T13:43:00.342Z","level":"INFO","message":"HTTP Request","method":"GET","path":"/","status":200,"duration":"4ms","userId":"cmupgyqq50000ugkk3eay0h1k"}
{"timestamp":"2026-10-01T13:44:00.334Z","level":"INFO","message":"HTTP Request","method":"GET","path":"/","status":200,"duration":"4ms","userId":"cmupgyqq50000ugkk3eay0h1k"}
{"timestamp":"2026-10-01T13:45:00.424Z","level":"INFO","message":"HTTP Request","method":"GET","path":"/","status":200,"duration":"95ms","userId":"cmupgyqq50000ugkk3eay0h1k"}
{"timestamp":"2026-10-01T13:46:28.337Z","level":"INFO","message":"HTTP Request","method":"GET","path":"/","status":200,"duration":"5ms","userId":"cmupgyqq50000ugkk3eay0h1k"}
{"timestamp":"2026-10-01T13:47:29.338Z","level":"INFO","message":"HTTP Request","method":"GET","path":"/","status":200,"duration":"4ms","userId":"cmupgyqq50000ugkk3eay0h1k"}
{"timestamp":"2026-10-01T13:48:30.328Z","level":"INFO","message":"HTTP Request","method":"GET","path":"/","status":200,"duration":"4ms","userId":"cmupgyqq50000ugkk3eay0h1k"}
{"timestamp":"2026-10-01T13:49:31.337Z","level":"INFO","message":"HTTP Request","method":"GET","path":"/","status":200,"duration":"4ms","userId":"cmupgyqq50000ugkk3eay0h1k"}
{"timestamp":"2026-10-01T13:50:32.416Z","level":"INFO","message":"HTTP Request","method":"GET","path":"/","status":200,"duration":"82ms","userId":"cmupgyqq50000ugkk3eay0h1k"}
{"timestamp":"2026-10-01T13:51:33.340Z","level":"INFO","message":"HTTP Request","method":"GET","path":"/","status":200,"duration":"4ms","userId":"cmupgyqq50000ugkk3eay0h1k"}
{"timestamp":"2026-10-01T13:52:34.332Z","level":"INFO","message":"HTTP Request","method":"GET","path":"/","status":200,"duration":"4ms","userId":"cmupgyqq50000ugkk3eay0h1k"}
{"timestamp":"2026-10-01T13:53:35.352Z","level":"INFO","message":"HTTP Request","method":"GET","path":"/","status":200,"duration":"6ms","userId":"cmupgyqq50000ugkk3eay0h1k"}
{"timestamp":"2026-10-01T13:54:36.330Z","level":"INFO","message":"HTTP Request","method":"GET","path":"/","status":200,"duration":"4ms","userId":"cmupgyqq50000ugkk3eay0h1k"}
{"timestamp":"2026-10-01T13:54:42.684Z","level":"INFO","message":"HTTP Request","method":"GET","path":"/","status":200,"duration":"90ms","userId":"cmupgyqq50000ugkk3eay0h1k"}
{"timestamp":"2026-10-01T13:54:42.692Z","level":"INFO","message":"HTTP Request","method":"GET","path":"/","status":200,"duration":"2ms","userId":"cmupgyqq50000ugkk3eay0h1k"}
{"timestamp":"2026-10-01T13:55:00.345Z","level":"INFO","message":"HTTP Request","method":"GET","path":"/","status":200,"duration":"6ms","userId":"cmupgyqq50000ugkk3eay0h1k"}
{"timestamp":"2026-10-01T13:56:00.412Z","level":"INFO","message":"HTTP Request","method":"GET","path":"/","status":200,"duration":"84ms","userId":"cmupgyqq50000ugkk3eay0h1k"}
{"timestamp":"2026-10-01T13:56:30.761Z","level":"INFO","message":"HTTP Request","method":"GET","path":"/","status":200,"duration":"8ms","userId":"cmupgyqq50000ugkk3eay0h1k"}
{"timestamp":"2026-10-01T13:56:30.765Z","level":"INFO","message":"HTTP Request","method":"GET","path":"/","status":200,"duration":"8ms","userId":"cmupgyqq50000ugkk3eay0h1k"}
{"timestamp":"2026-10-01T13:56:30.787Z","level":"INFO","message":"HTTP Request","method":"GET","path":"/","status":200,"duration":"3ms","userId":"cmupgyqq50000ugkk3eay0h1k"}
{"timestamp":"2026-10-01T13:56:30.792Z","level":"INFO","message":"HTTP Request","method":"GET","path":"/","status":200,"duration":"12ms","userId":"cmupgyqq50000ugkk3eay0h1k"}
{"timestamp":"2026-10-01T13:56:46.409Z","level":"INFO","message":"HTTP Request","method":"GET","path":"/","status":200,"duration":"3ms","userId":"cmupgyqq50000ugkk3eay0h1k"}
{"timestamp":"2026-10-01T13:56:46.414Z","level":"INFO","message":"HTTP Request","method":"GET","path":"/","status":200,"duration":"11ms","userId":"cmupgyqq50000ugkk3eay0h1k"}
{"timestamp":"2026-10-01T13:56:46.428Z","level":"INFO","message":"HTTP Request","method":"GET","path":"/","status":200,"duration":"4ms","userId":"cmupgyqq50000ugkk3eay0h1k"}
{"timestamp":"2026-10-01T13:56:46.439Z","level":"INFO","message":"HTTP Request","method":"GET","path":"/","status":200,"duration":"6ms","userId":"cmupgyqq50000ugkk3eay0h1k"}
{"timestamp":"2026-10-01T13:57:50.418Z","level":"INFO","message":"HTTP Request","method":"GET","path":"/","status":200,"duration":"5ms","userId":"cmupgyqq50000ugkk3eay0h1k"}
{"timestamp":"2026-10-01T13:57:50.421Z","level":"INFO","message":"HTTP Request","method":"GET","path":"/","status":200,"duration":"6ms","userId":"cmupgyqq50000ugkk3eay0h1k"}
{"timestamp":"2026-10-01T13:57:50.432Z","level":"INFO","message":"HTTP Request","method":"GET","path":"/","status":200,"duration":"2ms","userId":"cmupgyqq50000ugkk3eay0h1k"}
{"timestamp":"2026-10-01T13:57:50.436Z","level":"INFO","message":"HTTP Request","method":"GET","path":"/","status":200,"duration":"10ms","userId":"cmupgyqq50000ugkk3eay0h1k"}
{"timestamp":"2026-10-01T13:58:51.336Z","level":"INFO","message":"HTTP Request","method":"GET","path":"/","status":200,"duration":"4ms","userId":"cmupgyqq50000ugkk3eay0h1k"}
{"timestamp":"2026-10-01T13:59:51.332Z","level":"INFO","message":"HTTP Request","method":"GET","path":"/","status":200,"duration":"4ms","userId":"cmupgyqq50000ugkk3eay0h1k"}
{"timestamp":"2026-10-01T14:00:51.333Z","level":"INFO","message":"HTTP Request","method":"GET","path":"/","status":200,"duration":"4ms","userId":"cmupgyqq50000ugkk3eay0h1k"}
{"timestamp":"2026-10-01T14:01:51.410Z","level":"INFO","message":"HTTP Request","method":"GET","path":"/","status":200,"duration":"81ms","userId":"cmupgyqq50000ugkk3eay0h1k"}
{"timestamp":"2026-10-01T14:02:51.334Z","level":"INFO","message":"HTTP Request","method":"GET","path":"/","status":200,"duration":"3ms","userId":"cmupgyqq50000ugkk3eay0h1k"}
{"timestamp":"2026-10-01T14:03:51.337Z","level":"INFO","message":"HTTP Request","method":"GET","path":"/","status":200,"duration":"4ms","userId":"cmupgyqq50000ugkk3eay0h1k"}
{"timestamp":"2026-10-01T14:04:08.435Z","level":"INFO","message":"HTTP Request","method":"GET","path":"/","status":200,"duration":"91ms","userId":"cmupgyqq50000ugkk3eay0h1k"}
{"timestamp":"2026-10-01T14:05:43.336Z","level":"INFO","message":"HTTP Request","method":"GET","path":"/","status":200,"duration":"5ms","userId":"cmupgyqq50000ugkk3eay0h1k"}
{"timestamp":"2026-10-01T14:06:43.340Z","level":"INFO","message":"HTTP Request","method":"GET","path":"/","status":200,"duration":"4ms","userId":"cmupgyqq50000ugkk3eay0h1k"}
{"timestamp":"2026-10-01T14:07:43.420Z","level":"INFO","message":"HTTP Request","method":"GET","path":"/","status":200,"duration":"86ms","userId":"cmupgyqq50000ugkk3eay0h1k"}
{"timestamp":"2026-10-01T14:08:43.341Z","level":"INFO","message":"HTTP Request","method":"GET","path":"/","status":200,"duration":"5ms","userId":"cmupgyqq50000ugkk3eay0h1k"}
{"timestamp":"2026-10-01T14:09:43.335Z","level":"INFO","message":"HTTP Request","method":"GET","path":"/","status":200,"duration":"0ms","userId":"cmupgyqq50000ugkk3eay0h1k"}
{"timestamp":"2026-10-01T14:10:43.332Z","level":"INFO","message":"HTTP Request","method":"GET","path":"/","status":200,"duration":"4ms","userId":"cmupgyqq50000ugkk3eay0h1k"}
{"timestamp":"2026-10-01T14:11:43.332Z","level":"INFO","message":"HTTP Request","method":"GET","path":"/","status":200,"duration":"4ms","userId":"cmupgyqq50000ugkk3eay0h1k"}
{"timestamp":"2026-10-01T14:13:54.563Z","level":"INFO","message":"HTTP Request","method":"GET","path":"/","status":200,"duration":"134ms","userId":"cmupgyqq50000ugkk3eay0h1k"}
{"timestamp":"2026-10-01T14:13:57.174Z","level":"INFO","message":"HTTP Request","method":"GET","path":"/","status":200,"duration":"14ms","userId":"cmupgyqq50000ugkk3eay0h1k"}
{"timestamp":"2026-10-01T14:13:57.193Z","level":"INFO","message":"HTTP Request","method":"GET","path":"/","status":200,"duration":"7ms","userId":"cmupgyqq50000ugkk3eay0h1k"}
{"timestamp":"2026-10-01T14:13:57.256Z","level":"INFO","message":"HTTP Request","method":"GET","path":"/","status":200,"duration":"91ms","userId":"cmupgyqq50000ugkk3eay0h1k"}
{"timestamp":"2026-10-01T14:13:57.262Z","level":"INFO","message":"HTTP Request","method":"GET","path":"/","status":200,"duration":"2ms","userId":"cmupgyqq50000ugkk3eay0h1k"}
{"timestamp":"2026-10-01T14:14:12.764Z","level":"INFO","message":"HTTP Request","method":"GET","path":"/","status":200,"duration":"8ms","userId":"cmupgyqq50000ugkk3eay0h1k"}
{"timestamp":"2026-10-01T14:14:12.775Z","level":"INFO","message":"HTTP Request","method":"GET","path":"/","status":200,"duration":"4ms","userId":"cmupgyqq50000ugkk3eay0h1k"}
{"timestamp":"2026-10-01T14:14:17.422Z","level":"INFO","message":"HTTP Request","method":"GET","path":"/","status":200,"duration":"2ms","userId":"cmupgyqq50000ugkk3eay0h1k"}
{"timestamp":"2026-10-01T14:14:17.431Z","level":"INFO","message":"HTTP Request","method":"GET","path":"/","status":200,"duration":"3ms","userId":"cmupgyqq50000ugkk3eay0h1k"}
{"timestamp":"2026-10-01T14:14:57.162Z","level":"INFO","message":"HTTP Request","method":"GET","path":"/","status":200,"duration":"4ms","userId":"cmupgyqq50000ugkk3eay0h1k"}
{"timestamp":"2026-10-01T14:15:57.331Z","level":"INFO","message":"HTTP Request","method":"GET","path":"/","status":200,"duration":"4ms","userId":"cmupgyqq50000ugkk3eay0h1k"}
{"timestamp":"2026-10-01T14:16:57.337Z","level":"INFO","message":"HTTP Request","method":"GET","path":"/","status":200,"duration":"5ms","userId":"cmupgyqq50000ugkk3eay0h1k"}
{"timestamp":"2026-10-01T14:17:48.201Z","level":"INFO","message":"Broadcast de nova reclamação","complaintId":"cmupmch3c0001ugzonmj17ahv"}
{"timestamp":"2026-10-01T14:17:48.205Z","level":"INFO","message":"HTTP Request","method":"POST","path":"/","status":201,"duration":"48ms","userId":"cmupgyqq50000ugkk3eay0h1k"}
{"timestamp":"2026-10-01T14:19:24.514Z","level":"INFO","message":"HTTP Request","method":"GET","path":"/","status":200,"duration":"105ms","userId":"cmupgyqq50000ugkk3eay0h1k"}
{"timestamp":"2026-10-01T14:19:24.525Z","level":"INFO","message":"HTTP Request","method":"GET","path":"/","status":200,"duration":"5ms","userId":"cmupgyqq50000ugkk3eay0h1k"}
{"timestamp":"2026-10-01T14:19:24.532Z","level":"INFO","message":"HTTP Request","method":"GET","path":"/","status":200,"duration":"119ms","userId":"cmupgyqq50000ugkk3eay0h1k"}
{"timestamp":"2026-10-01T14:19:24.540Z","level":"INFO","message":"HTTP Request","method":"GET","path":"/","status":200,"duration":"2ms","userId":"cmupgyqq50000ugkk3eay0h1k"}
{"timestamp":"2026-10-01T14:21:05.428Z","level":"INFO","message":"HTTP Request","method":"GET","path":"/","status":200,"duration":"4ms","userId":"cmupgyqq50000ugkk3eay0h1k"}
{"timestamp":"2026-10-01T14:21:05.447Z","level":"INFO","message":"HTTP Request","method":"GET","path":"/","status":200,"duration":"4ms","userId":"cmupgyqq50000ugkk3eay0h1k"}
{"timestamp":"2026-10-01T14:21:05.450Z","level":"INFO","message":"HTTP Request","method":"GET","path":"/","status":200,"duration":"10ms","userId":"cmupgyqq50000ugkk3eay0h1k"}
{"timestamp":"2026-10-01T14:21:05.458Z","level":"INFO","message":"HTTP Request","method":"GET","path":"/","status":200,"duration":"2ms","userId":"cmupgyqq50000ugkk3eay0h1k"}
{"timestamp":"2026-10-01T14:22:06.342Z","level":"INFO","message":"HTTP Request","method":"GET","path":"/","status":200,"duration":"4ms","userId":"cmupgyqq50000ugkk3eay0h1k"}
{"timestamp":"2026-10-01T14:23:06.349Z","level":"INFO","message":"HTTP Request","method":"GET","path":"/","status":200,"duration":"6ms","userId":"cmupgyqq50000ugkk3eay0h1k"}
{"timestamp":"2026-10-01T14:24:06.332Z","level":"INFO","message":"HTTP Request","method":"GET","path":"/","status":200,"duration":"4ms","userId":"cmupgyqq50000ugkk3eay0h1k"}
{"timestamp":"2026-10-01T14:25:06.416Z","level":"INFO","message":"HTTP Request","method":"GET","path":"/","status":200,"duration":"86ms","userId":"cmupgyqq50000ugkk3eay0h1k"}
{"timestamp":"2026-10-01T14:26:06.331Z","level":"INFO","message":"HTTP Request","method":"GET","path":"/","status":200,"duration":"3ms","userId":"cmupgyqq50000ugkk3eay0h1k"}
{"timestamp":"2026-10-01T14:27:06.340Z","level":"INFO","message":"HTTP Request","method":"GET","path":"/","status":200,"duration":"6ms","userId":"cmupgyqq50000ugkk3eay0h1k"}
{"timestamp":"2026-10-01T14:28:28.352Z","level":"INFO","message":"HTTP Request","method":"GET","path":"/","status":200,"duration":"7ms","userId":"cmupgyqq50000ugkk3eay0h1k"}
{"timestamp":"2026-10-01T14:29:29.345Z","level":"INFO","message":"HTTP Request","method":"GET","path":"/","status":200,"duration":"4ms","userId":"cmupgyqq50000ugkk3eay0h1k"}
{"timestamp":"2026-10-01T14:30:30.466Z","level":"INFO","message":"HTTP Request","method":"GET","path":"/","status":200,"duration":"138ms","userId":"cmupgyqq50000ugkk3eay0h1k"}
{"timestamp":"2026-10-01T14:31:31.345Z","level":"INFO","message":"HTTP Request","method":"GET","path":"/","status":200,"duration":"6ms","userId":"cmupgyqq50000ugkk3eay0h1k"}
{"timestamp":"2026-10-01T14:32:32.344Z","level":"INFO","message":"HTTP Request","method":"GET","path":"/","status":200,"duration":"5ms","userId":"cmupgyqq50000ugkk3eay0h1k"}
{"timestamp":"2026-10-01T14:33:33.341Z","level":"INFO","message":"HTTP Request","method":"GET","path":"/","status":200,"duration":"5ms","userId":"cmupgyqq50000ugkk3eay0h1k"}
{"timestamp":"2026-10-01T14:34:25.333Z","level":"INFO","message":"HTTP Request","method":"GET","path":"/","status":200,"duration":"8ms","userId":"cmupgyqq50000ugkk3eay0h1k"}
{"timestamp":"2026-10-01T14:34:29.313Z","level":"INFO","message":"HTTP Request","method":"GET","path":"/","status":200,"duration":"145ms","userId":"cmupgyqq50000ugkk3eay0h1k"}
{"timestamp":"2026-10-01T14:34:29.323Z","level":"INFO","message":"HTTP Request","method":"GET","path":"/","status":200,"duration":"3ms","userId":"cmupgyqq50000ugkk3eay0h1k"}
{"timestamp":"2026-10-01T14:35:05.430Z","level":"INFO","message":"HTTP Request","method":"GET","path":"/","status":200,"duration":"5ms","userId":"cmupgyqq50000ugkk3eay0h1k"}
{"timestamp":"2026-10-01T14:36:06.456Z","level":"INFO","message":"HTTP Request","method":"GET","path":"/","status":200,"duration":"126ms","userId":"cmupgyqq50000ugkk3eay0h1k"}
{"timestamp":"2026-10-01T14:37:43.341Z","level":"INFO","message":"HTTP Request","method":"GET","path":"/","status":200,"duration":"8ms","userId":"cmupgyqq50000ugkk3eay0h1k"}
{"timestamp":"2026-10-01T14:38:43.335Z","level":"INFO","message":"HTTP Request","method":"GET","path":"/","status":200,"duration":"3ms","userId":"cmupgyqq50000ugkk3eay0h1k"}
{"timestamp":"2026-10-01T14:39:43.327Z","level":"INFO","message":"HTTP Request","method":"GET","path":"/","status":200,"duration":"-1ms","userId":"cmupgyqq50000ugkk3eay0h1k"}
{"timestamp":"2026-10-01T14:40:43.340Z","level":"INFO","message":"HTTP Request","method":"GET","path":"/","status":200,"duration":"3ms","userId":"cmupgyqq50000ugkk3eay0h1k"}
{"timestamp":"2026-10-01T14:41:43.384Z","level":"INFO","message":"HTTP Request","method":"GET","path":"/","status":200,"duration":"56ms","userId":"cmupgyqq50000ugkk3eay0h1k"}
{"timestamp":"2026-10-01T14:42:43.336Z","level":"INFO","message":"HTTP Request","method":"GET","path":"/","status":200,"duration":"3ms","userId":"cmupgyqq50000ugkk3eay0h1k"}
{"timestamp":"2026-10-01T14:43:43.327Z","level":"INFO","message":"HTTP Request","method":"GET","path":"/","status":200,"duration":"3ms","userId":"cmupgyqq50000ugkk3eay0h1k"}
{"timestamp":"2026-10-01T14:44:32.540Z","level":"INFO","message":"HTTP Request","method":"GET","path":"/","status":200,"duration":"4ms","userId":"cmupgyqq50000ugkk3eay0h1k"}
{"timestamp":"2026-10-01T14:44:32.547Z","level":"INFO","message":"HTTP Request","method":"GET","path":"/","status":200,"duration":"4ms","userId":"cmupgyqq50000ugkk3eay0h1k"}
{"timestamp":"2026-10-01T14:45:33.326Z","level":"INFO","message":"HTTP Request","method":"GET","path":"/","status":200,"duration":"2ms","userId":"cmupgyqq50000ugkk3eay0h1k"}
{"timestamp":"2026-10-01T14:46:33.351Z","level":"INFO","message":"HTTP Request","method":"GET","path":"/","status":200,"duration":"17ms","userId":"cmupgyqq50000ugkk3eay0h1k"}
{"timestamp":"2026-10-01T14:47:33.398Z","level":"INFO","message":"HTTP Request","method":"GET","path":"/","status":200,"duration":"65ms","userId":"cmupgyqq50000ugkk3eay0h1k"}
{"timestamp":"2026-10-01T14:48:33.340Z","level":"INFO","message":"HTTP Request","method":"GET","path":"/","status":200,"duration":"3ms","userId":"cmupgyqq50000ugkk3eay0h1k"}
{"timestamp":"2026-10-01T14:49:33.340Z","level":"INFO","message":"HTTP Request","method":"GET","path":"/","status":200,"duration":"3ms","userId":"cmupgyqq50000ugkk3eay0h1k"}
{"timestamp":"2026-10-01T15:00:48.833Z","level":"INFO","message":"HTTP Request","method":"GET","path":"/","status":200,"duration":"71ms","userId":"cmupgyqq50000ugkk3eay0h1k"}
{"timestamp":"2026-10-01T15:01:55.515Z","level":"INFO","message":"HTTP Request","method":"GET","path":"/","status":200,"duration":"3ms","userId":"cmupgyqq50000ugkk3eay0h1k"}
{"timestamp":"2026-10-01T15:01:55.519Z","level":"INFO","message":"HTTP Request","method":"GET","path":"/","status":200,"duration":"1ms","userId":"cmupgyqq50000ugkk3eay0h1k"}
{"timestamp":"2026-10-01T15:02:03.348Z","level":"INFO","message":"HTTP Request","method":"GET","path":"/","status":200,"duration":"54ms","userId":"cmupgyqq50000ugkk3eay0h1k"}
{"timestamp":"2026-10-01T15:02:03.353Z","level":"INFO","message":"HTTP Request","method":"GET","path":"/","status":200,"duration":"1ms","userId":"cmupgyqq50000ugkk3eay0h1k"}
{"timestamp":"2026-10-01T15:02:55.421Z","level":"INFO","message":"HTTP Request","method":"GET","path":"/","status":200,"duration":"3ms","userId":"cmupgyqq50000ugkk3eay0h1k"}
{"timestamp":"2026-10-01T15:03:55.415Z","level":"INFO","message":"HTTP Request","method":"GET","path":"/","status":200,"duration":"3ms","userId":"cmupgyqq50000ugkk3eay0h1k"}
{"timestamp":"2026-10-01T16:56:22.411Z","level":"INFO","message":"HTTP Request","method":"GET","path":"/","status":200,"duration":"55ms","userId":"cmupgyqq50000ugkk3eay0h1k"}
{"timestamp":"2026-10-01T16:56:25.033Z","level":"INFO","message":"HTTP Request","method":"GET","path":"/","status":200,"duration":"6ms","userId":"cmupgyqq50000ugkk3eay0h1k"}
{"timestamp":"2026-10-01T16:56:25.042Z","level":"INFO","message":"HTTP Request","method":"GET","path":"/","status":200,"duration":"4ms","userId":"cmupgyqq50000ugkk3eay0h1k"}
{"timestamp":"2026-10-01T16:56:25.095Z","level":"INFO","message":"HTTP Request","method":"GET","path":"/","status":200,"duration":"66ms","userId":"cmupgyqq50000ugkk3eay0h1k"}
{"timestamp":"2026-10-01T16:56:25.099Z","level":"INFO","message":"HTTP Request","method":"GET","path":"/","status":200,"duration":"1ms","userId":"cmupgyqq50000ugkk3eay0h1k"}
{"timestamp":"2026-10-01T16:57:25.044Z","level":"INFO","message":"HTTP Request","method":"GET","path":"/","status":200,"duration":"15ms","userId":"cmupgyqq50000ugkk3eay0h1k"}
{"timestamp":"2026-10-01T16:58:25.167Z","level":"INFO","message":"HTTP Request","method":"GET","path":"/","status":200,"duration":"3ms","userId":"cmupgyqq50000ugkk3eay0h1k"}
{"timestamp":"2026-10-01T16:59:25.154Z","level":"INFO","message":"HTTP Request","method":"GET","path":"/","status":200,"duration":"3ms","userId":"cmupgyqq50000ugkk3eay0h1k"}
{"timestamp":"2026-10-01T17:00:25.166Z","level":"INFO","message":"HTTP Request","method":"GET","path":"/","status":200,"duration":"5ms","userId":"cmupgyqq50000ugkk3eay0h1k"}
{"timestamp":"2026-10-01T17:01:25.084Z","level":"INFO","message":"HTTP Request","method":"GET","path":"/","status":200,"duration":"50ms","userId":"cmupgyqq50000ugkk3eay0h1k"}
{"timestamp":"2026-10-01T17:02:25.160Z","level":"INFO","message":"HTTP Request","method":"GET","path":"/","status":200,"duration":"5ms","userId":"cmupgyqq50000ugkk3eay0h1k"}
{"timestamp":"2026-10-01T17:03:43.169Z","level":"INFO","message":"HTTP Request","method":"GET","path":"/","status":200,"duration":"11ms","userId":"cmupgyqq50000ugkk3eay0h1k"}
{"timestamp":"2026-10-01T17:04:43.161Z","level":"INFO","message":"HTTP Request","method":"GET","path":"/","status":200,"duration":"3ms","userId":"cmupgyqq50000ugkk3eay0h1k"}
{"timestamp":"2026-10-01T17:05:43.158Z","level":"INFO","message":"HTTP Request","method":"GET","path":"/","status":200,"duration":"3ms","userId":"cmupgyqq50000ugkk3eay0h1k"}
{"timestamp":"2026-10-01T17:06:43.205Z","level":"INFO","message":"HTTP Request","method":"GET","path":"/","status":200,"duration":"53ms","userId":"cmupgyqq50000ugkk3eay0h1k"}
{"timestamp":"2026-10-01T17:07:43.154Z","level":"INFO","message":"HTTP Request","method":"GET","path":"/","status":200,"duration":"3ms","userId":"cmupgyqq50000ugkk3eay0h1k"}
{"timestamp":"2026-10-01T17:08:43.164Z","level":"INFO","message":"HTTP Request","method":"GET","path":"/","status":200,"duration":"3ms","userId":"cmupgyqq50000ugkk3eay0h1k"}
{"timestamp":"2026-10-01T17:09:43.153Z","level":"INFO","message":"HTTP Request","method":"GET","path":"/","status":200,"duration":"3ms","userId":"cmupgyqq50000ugkk3eay0h1k"}
{"timestamp":"2026-10-01T17:10:43.167Z","level":"INFO","message":"HTTP Request","method":"GET","path":"/","status":200,"duration":"4ms","userId":"cmupgyqq50000ugkk3eay0h1k"}
{"timestamp":"2026-10-01T17:11:43.163Z","level":"INFO","message":"HTTP Request","method":"GET","path":"/","status":200,"duration":"2ms","userId":"cmupgyqq50000ugkk3eay0h1k"}
{"timestamp":"2026-10-01T17:12:43.212Z","level":"INFO","message":"HTTP Request","method":"GET","path":"/","status":200,"duration":"53ms","userId":"cmupgyqq50000ugkk3eay0h1k"}
{"timestamp":"2026-10-01T17:13:43.153Z","level":"INFO","message":"HTTP Request","method":"GET","path":"/","status":200,"duration":"2ms","userId":"cmupgyqq50000ugkk3eay0h1k"}
{"timestamp":"2026-10-01T17:14:43.165Z","level":"INFO","message":"HTTP Request","method":"GET","path":"/","status":200,"duration":"2ms","userId":"cmupgyqq50000ugkk3eay0h1k"}
{"timestamp":"2026-10-01T17:15:43.164Z","level":"INFO","message":"HTTP Request","method":"GET","path":"/","status":200,"duration":"3ms","userId":"cmupgyqq50000ugkk3eay0h1k"}
{"timestamp":"2026-10-01T17:29:35.576Z","level":"INFO","message":"HTTP Request","method":"GET","path":"/","status":200,"duration":"177ms","userId":"cmupgyqq50000ugkk3eay0h1k"}
{"timestamp":"2026-10-01T17:29:37.925Z","level":"INFO","message":"HTTP Request","method":"GET","path":"/","status":200,"duration":"4ms","userId":"cmupgyqq50000ugkk3eay0h1k"}
{"timestamp":"2026-10-01T17:29:37.936Z","level":"INFO","message":"HTTP Request","method":"GET","path":"/","status":200,"duration":"4ms","userId":"cmupgyqq50000ugkk3eay0h1k"}
{"timestamp":"2026-10-01T17:29:37.987Z","level":"INFO","message":"HTTP Request","method":"GET","path":"/","status":200,"duration":"64ms","userId":"cmupgyqq50000ugkk3eay0h1k"}
{"timestamp":"2026-10-01T17:29:37.991Z","level":"INFO","message":"HTTP Request","method":"GET","path":"/","status":200,"duration":"1ms","userId":"cmupgyqq50000ugkk3eay0h1k"}
{"timestamp":"2026-10-01T17:30:11.415Z","level":"INFO","message":"HTTP Request","method":"GET","path":"/","status":200,"duration":"4ms","userId":"cmupgyqq50000ugkk3eay0h1k"}
{"timestamp":"2026-10-01T17:30:11.418Z","level":"INFO","message":"HTTP Request","method":"GET","path":"/","status":200,"duration":"1ms","userId":"cmupgyqq50000ugkk3eay0h1k"}
{"timestamp":"2026-10-01T17:30:15.250Z","level":"INFO","message":"HTTP Request","method":"GET","path":"/","status":200,"duration":"1ms","userId":"cmupgyqq50000ugkk3eay0h1k"}
{"timestamp":"2026-10-01T17:30:15.254Z","level":"INFO","message":"HTTP Request","method":"GET","path":"/","status":200,"duration":"0ms","userId":"cmupgyqq50000ugkk3eay0h1k"}
{"timestamp":"2026-10-01T17:30:38.165Z","level":"INFO","message":"HTTP Request","method":"GET","path":"/","status":200,"duration":"3ms","userId":"cmupgyqq50000ugkk3eay0h1k"}
{"timestamp":"2026-10-01T17:31:38.179Z","level":"INFO","message":"HTTP Request","method":"GET","path":"/","status":200,"duration":"3ms","userId":"cmupgyqq50000ugkk3eay0h1k"}
{"timestamp":"2026-10-01T17:32:38.155Z","level":"INFO","message":"HTTP Request","method":"GET","path":"/","status":200,"duration":"4ms","userId":"cmupgyqq50000ugkk3eay0h1k"}
{"timestamp":"2026-10-01T17:33:38.163Z","level":"INFO","message":"HTTP Request","method":"GET","path":"/","status":200,"duration":"3ms","userId":"cmupgyqq50000ugkk3eay0h1k"}
{"timestamp":"2026-10-01T17:34:38.213Z","level":"INFO","message":"HTTP Request","method":"GET","path":"/","status":200,"duration":"54ms","userId":"cmupgyqq50000ugkk3eay0h1k"}
{"timestamp":"2026-10-01T17:34:43.269Z","level":"INFO","message":"HTTP Request","method":"GET","path":"/","status":200,"duration":"17ms","userId":"cmupgyqq50000ugkk3eay0h1k"}
{"timestamp":"2026-10-01T17:34:43.275Z","level":"INFO","message":"HTTP Request","method":"GET","path":"/","status":200,"duration":"3ms","userId":"cmupgyqq50000ugkk3eay0h1k"}
{"timestamp":"2026-10-01T17:34:43.322Z","level":"INFO","message":"HTTP Request","method":"GET","path":"/","status":200,"duration":"69ms","userId":"cmupgyqq50000ugkk3eay0h1k"}
{"timestamp":"2026-10-01T17:34:43.327Z","level":"INFO","message":"HTTP Request","method":"GET","path":"/","status":200,"duration":"2ms","userId":"cmupgyqq50000ugkk3eay0h1k"}
{"timestamp":"2026-10-01T17:34:50.240Z","level":"INFO","message":"HTTP Request","method":"GET","path":"/","status":200,"duration":"1ms","userId":"cmupgyqq50000ugkk3eay0h1k"}
{"timestamp":"2026-10-01T17:34:50.241Z","level":"INFO","message":"HTTP Request","method":"GET","path":"/","status":200,"duration":"4ms","userId":"cmupgyqq50000ugkk3eay0h1k"}
{"timestamp":"2026-10-01T17:34:50.244Z","level":"INFO","message":"HTTP Request","method":"GET","path":"/","status":200,"duration":"1ms","userId":"cmupgyqq50000ugkk3eay0h1k"}
{"timestamp":"2026-10-01T17:34:50.248Z","level":"INFO","message":"HTTP Request","method":"GET","path":"/","status":200,"duration":"2ms","userId":"cmupgyqq50000ugkk3eay0h1k"}
{"timestamp":"2026-10-01T17:34:58.231Z","level":"INFO","message":"HTTP Request","method":"GET","path":"/","status":200,"duration":"1ms","userId":"cmupgyqq50000ugkk3eay0h1k"}
{"timestamp":"2026-10-01T17:34:58.233Z","level":"INFO","message":"HTTP Request","method":"GET","path":"/","status":200,"duration":"4ms","userId":"cmupgyqq50000ugkk3eay0h1k"}
{"timestamp":"2026-10-01T17:34:58.236Z","level":"INFO","message":"HTTP Request","method":"GET","path":"/","status":200,"duration":"1ms","userId":"cmupgyqq50000ugkk3eay0h1k"}
{"timestamp":"2026-10-01T17:34:58.240Z","level":"INFO","message":"HTTP Request","method":"GET","path":"/","status":200,"duration":"2ms","userId":"cmupgyqq50000ugkk3eay0h1k"}
{"timestamp":"2026-10-01T17:35:59.163Z","level":"INFO","message":"HTTP Request","method":"GET","path":"/","status":200,"duration":"4ms","userId":"cmupgyqq50000ugkk3eay0h1k"}
{"timestamp":"2026-10-01T17:36:59.153Z","level":"INFO","message":"HTTP Request","method":"GET","path":"/","status":200,"duration":"3ms","userId":"cmupgyqq50000ugkk3eay0h1k"}
{"timestamp":"2026-10-01T17:37:59.158Z","level":"INFO","message":"HTTP Request","method":"GET","path":"/","status":200,"duration":"2ms","userId":"cmupgyqq50000ugkk3eay0h1k"}
{"timestamp":"2026-10-01T17:55:32.558Z","level":"INFO","message":"Testando conexão com o banco (Prisma)..."}
{"timestamp":"2026-10-01T17:55:32.658Z","level":"INFO","message":"Servidor iniciado com sucesso","port":"3001","url":"http://localhost:3001","apiUrl":"http://localhost:3001/api"}
{"timestamp":"2026-10-01T17:56:06.632Z","level":"INFO","message":"HTTP Request","method":"GET","path":"/","status":200,"duration":"82ms","userId":"cmupgyqq50000ugkk3eay0h1k"}
{"timestamp":"2026-10-01T17:56:15.958Z","level":"INFO","message":"HTTP Request","method":"GET","path":"/","status":200,"duration":"61ms","userId":"cmupgyqq50000ugkk3eay0h1k"}
{"timestamp":"2026-10-01T17:56:15.964Z","level":"INFO","message":"HTTP Request","method":"GET","path":"/","status":200,"duration":"2ms","userId":"cmupgyqq50000ugkk3eay0h1k"}
{"timestamp":"2026-10-01T17:56:40.454Z","level":"INFO","message":"HTTP Request","method":"GET","path":"/","status":200,"duration":"1ms","userId":"cmupgyqq50000ugkk3eay0h1k"}
{"timestamp":"2026-10-01T17:56:40.459Z","level":"INFO","message":"HTTP Request","method":"GET","path":"/","status":200,"duration":"2ms","userId":"cmupgyqq50000ugkk3eay0h1k"}
{"timestamp":"2026-10-01T17:57:07.180Z","level":"INFO","message":"HTTP Request","method":"GET","path":"/","status":200,"duration":"19ms","userId":"cmupgyqq50000ugkk3eay0h1k"}
{"timestamp":"2026-10-01T17:58:07.155Z","level":"INFO","message":"HTTP Request","method":"GET","path":"/","status":200,"duration":"3ms","userId":"cmupgyqq50000ugkk3eay0h1k"}
{"timestamp":"2026-10-01T17:59:07.159Z","level":"INFO","message":"HTTP Request","method":"GET","path":"/","status":200,"duration":"3ms","userId":"cmupgyqq50000ugkk3eay0h1k"}
{"timestamp":"2026-10-01T18:00:35.157Z","level":"INFO","message":"HTTP Request","method":"GET","path":"/","status":200,"duration":"4ms","userId":"cmupgyqq50000ugkk3eay0h1k"}
{"timestamp":"2026-10-01T18:01:08.848Z","level":"INFO","message":"Testando conexão com o banco (Prisma)..."}
{"timestamp":"2026-10-01T18:01:08.921Z","level":"INFO","message":"Servidor iniciado com sucesso","port":"3001","url":"http://localhost:3001","apiUrl":"http://localhost:3001/api"}
{"timestamp":"2026-10-01T18:01:11.326Z","level":"INFO","message":"HTTP Request","method":"GET","path":"/","status":200,"duration":"74ms","userId":"cmupgyqq50000ugkk3eay0h1k"}
{"timestamp":"2026-10-01T18:01:11.335Z","level":"INFO","message":"HTTP Request","method":"GET","path":"/","status":200,"duration":"4ms","userId":"cmupgyqq50000ugkk3eay0h1k"}
{"timestamp":"2026-10-01T18:01:11.340Z","level":"INFO","message":"HTTP Request","method":"GET","path":"/","status":200,"duration":"82ms","userId":"cmupgyqq50000ugkk3eay0h1k"}
{"timestamp":"2026-10-01T18:01:11.345Z","level":"INFO","message":"HTTP Request","method":"GET","path":"/","status":200,"duration":"1ms","userId":"cmupgyqq50000ugkk3eay0h1k"}
{"timestamp":"2026-10-01T18:01:12.398Z","level":"INFO","message":"Testando conexão com o banco (Prisma)..."}
{"timestamp":"2026-10-01T18:01:12.486Z","level":"INFO","message":"Servidor iniciado com sucesso","port":"3001","url":"http://localhost:3001","apiUrl":"http://localhost:3001/api"}
{"timestamp":"2026-10-01T18:01:15.304Z","level":"INFO","message":"HTTP Request","method":"GET","path":"/","status":200,"duration":"74ms","userId":"cmupgyqq50000ugkk3eay0h1k"}
{"timestamp":"2026-10-01T18:01:15.310Z","level":"INFO","message":"HTTP Request","method":"GET","path":"/","status":200,"duration":"75ms","userId":"cmupgyqq50000ugkk3eay0h1k"}
{"timestamp":"2026-10-01T18:01:15.325Z","level":"INFO","message":"HTTP Request","method":"GET","path":"/","status":200,"duration":"2ms","userId":"cmupgyqq50000ugkk3eay0h1k"}
{"timestamp":"2026-10-01T18:01:15.327Z","level":"INFO","message":"HTTP Request","method":"GET","path":"/","status":200,"duration":"7ms","userId":"cmupgyqq50000ugkk3eay0h1k"}
{"timestamp":"2026-10-01T18:01:23.444Z","level":"INFO","message":"Testando conexão com o banco (Prisma)..."}
{"timestamp":"2026-10-01T18:01:23.531Z","level":"INFO","message":"Servidor iniciado com sucesso","port":"3001","url":"http://localhost:3001","apiUrl":"http://localhost:3001/api"}
{"timestamp":"2026-10-01T18:01:26.326Z","level":"INFO","message":"HTTP Request","method":"GET","path":"/","status":200,"duration":"74ms","userId":"cmupgyqq50000ugkk3eay0h1k"}
{"timestamp":"2026-10-01T18:01:26.334Z","level":"INFO","message":"HTTP Request","method":"GET","path":"/","status":200,"duration":"3ms","userId":"cmupgyqq50000ugkk3eay0h1k"}
{"timestamp":"2026-10-01T18:01:26.340Z","level":"INFO","message":"HTTP Request","method":"GET","path":"/","status":200,"duration":"82ms","userId":"cmupgyqq50000ugkk3eay0h1k"}
{"timestamp":"2026-10-01T18:01:26.347Z","level":"INFO","message":"HTTP Request","method":"GET","path":"/","status":200,"duration":"2ms","userId":"cmupgyqq50000ugkk3eay0h1k"}
{"timestamp":"2026-10-01T18:02:26.248Z","level":"INFO","message":"HTTP Request","method":"GET","path":"/","status":200,"duration":"3ms","userId":"cmupgyqq50000ugkk3eay0h1k"}
{"timestamp":"2026-10-01T18:02:31.839Z","level":"INFO","message":"Broadcast de nova reclamação","complaintId":"cmupudh5f0001ugs4cg1oq4g4"}
{"timestamp":"2026-10-01T18:02:31.840Z","level":"INFO","message":"HTTP Request","method":"POST","path":"/","status":201,"duration":"22ms","userId":"cmupgyqq50000ugkk3eay0h1k"}
{"timestamp":"2026-10-01T18:03:26.240Z","level":"INFO","message":"HTTP Request","method":"GET","path":"/","status":200,"duration":"4ms","userId":"cmupgyqq50000ugkk3eay0h1k"}
{"timestamp":"2026-10-01T18:04:27.162Z","level":"INFO","message":"HTTP Request","method":"GET","path":"/","status":200,"duration":"4ms","userId":"cmupgyqq50000ugkk3eay0h1k"}
{"timestamp":"2026-10-01T18:05:27.157Z","level":"INFO","message":"HTTP Request","method":"GET","path":"/","status":200,"duration":"4ms","userId":"cmupgyqq50000ugkk3eay0h1k"}
{"timestamp":"2026-10-01T18:05:40.688Z","level":"INFO","message":"Testando conexão com o banco (Prisma)..."}
{"timestamp":"2026-10-01T18:05:40.763Z","level":"INFO","message":"Servidor iniciado com sucesso","port":"3001","url":"http://localhost:3001","apiUrl":"http://localhost:3001/api"}
{"timestamp":"2026-10-01T18:05:43.293Z","level":"INFO","message":"HTTP Request","method":"GET","path":"/","status":200,"duration":"52ms","userId":"cmupgyqq50000ugkk3eay0h1k"}
{"timestamp":"2026-10-01T18:05:43.297Z","level":"INFO","message":"HTTP Request","method":"GET","path":"/","status":200,"duration":"63ms","userId":"cmupgyqq50000ugkk3eay0h1k"}
{"timestamp":"2026-10-01T18:05:43.303Z","level":"INFO","message":"HTTP Request","method":"GET","path":"/","status":200,"duration":"1ms","userId":"cmupgyqq50000ugkk3eay0h1k"}
{"timestamp":"2026-10-01T18:05:43.306Z","level":"INFO","message":"HTTP Request","method":"GET","path":"/","status":200,"duration":"6ms","userId":"cmupgyqq50000ugkk3eay0h1k"}
{"timestamp":"2026-10-01T18:06:44.160Z","level":"INFO","message":"HTTP Request","method":"GET","path":"/","status":200,"duration":"3ms","userId":"cmupgyqq50000ugkk3eay0h1k"}
{"timestamp":"2026-10-01T18:07:25.820Z","level":"INFO","message":"Testando conexão com o banco (Prisma)..."}
{"timestamp":"2026-10-01T18:07:25.905Z","level":"INFO","message":"Servidor iniciado com sucesso","port":"3001","url":"http://localhost:3001","apiUrl":"http://localhost:3001/api"}
{"timestamp":"2026-10-01T18:07:28.316Z","level":"INFO","message":"HTTP Request","method":"GET","path":"/","status":200,"duration":"67ms","userId":"cmupgyqq50000ugkk3eay0h1k"}
{"timestamp":"2026-10-01T18:07:28.324Z","level":"INFO","message":"HTTP Request","method":"GET","path":"/","status":200,"duration":"70ms","userId":"cmupgyqq50000ugkk3eay0h1k"}
{"timestamp":"2026-10-01T18:07:28.327Z","level":"INFO","message":"HTTP Request","method":"GET","path":"/","status":200,"duration":"6ms","userId":"cmupgyqq50000ugkk3eay0h1k"}
{"timestamp":"2026-10-01T18:07:28.331Z","level":"INFO","message":"HTTP Request","method":"GET","path":"/","status":200,"duration":"2ms","userId":"cmupgyqq50000ugkk3eay0h1k"}
{"timestamp":"2026-10-01T18:07:29.410Z","level":"INFO","message":"Testando conexão com o banco (Prisma)..."}
{"timestamp":"2026-10-01T18:07:29.489Z","level":"INFO","message":"Servidor iniciado com sucesso","port":"3001","url":"http://localhost:3001","apiUrl":"http://localhost:3001/api"}
{"timestamp":"2026-10-01T18:07:32.302Z","level":"INFO","message":"HTTP Request","method":"GET","path":"/","status":200,"duration":"60ms","userId":"cmupgyqq50000ugkk3eay0h1k"}
{"timestamp":"2026-10-01T18:07:32.309Z","level":"INFO","message":"HTTP Request","method":"GET","path":"/","status":200,"duration":"62ms","userId":"cmupgyqq50000ugkk3eay0h1k"}
{"timestamp":"2026-10-01T18:07:32.312Z","level":"INFO","message":"HTTP Request","method":"GET","path":"/","status":200,"duration":"6ms","userId":"cmupgyqq50000ugkk3eay0h1k"}
{"timestamp":"2026-10-01T18:07:32.316Z","level":"INFO","message":"HTTP Request","method":"GET","path":"/","status":200,"duration":"1ms","userId":"cmupgyqq50000ugkk3eay0h1k"}
{"timestamp":"2026-10-01T18:08:33.160Z","level":"INFO","message":"HTTP Request","method":"GET","path":"/","status":200,"duration":"4ms","userId":"cmupgyqq50000ugkk3eay0h1k"}
{"timestamp":"2026-10-01T18:09:33.153Z","level":"INFO","message":"HTTP Request","method":"GET","path":"/","status":200,"duration":"3ms","userId":"cmupgyqq50000ugkk3eay0h1k"}
{"timestamp":"2026-10-01T18:10:00.366Z","level":"INFO","message":"Broadcast de nova reclamação","complaintId":"cmupun37l0001ugkky7qgmsky"}
{"timestamp":"2026-10-01T18:10:00.371Z","level":"INFO","message":"HTTP Request","method":"POST","path":"/","status":201,"duration":"59ms","userId":"cmupgyqq50000ugkk3eay0h1k"}
{"timestamp":"2026-10-01T18:10:32.237Z","level":"INFO","message":"HTTP Request","method":"GET","path":"/","status":200,"duration":"3ms","userId":"cmupgyqq50000ugkk3eay0h1k"}
{"timestamp":"2026-10-01T18:11:33.162Z","level":"INFO","message":"HTTP Request","method":"GET","path":"/","status":200,"duration":"4ms","userId":"cmupgyqq50000ugkk3eay0h1k"}
{"timestamp":"2026-10-01T18:12:33.218Z","level":"INFO","message":"HTTP Request","method":"GET","path":"/","status":200,"duration":"66ms","userId":"cmupgyqq50000ugkk3eay0h1k"}
{"timestamp":"2026-10-01T18:13:33.157Z","level":"INFO","message":"HTTP Request","method":"GET","path":"/","status":200,"duration":"2ms","userId":"cmupgyqq50000ugkk3eay0h1k"}
{"timestamp":"2026-10-01T18:14:33.170Z","level":"INFO","message":"HTTP Request","method":"GET","path":"/","status":200,"duration":"3ms","userId":"cmupgyqq50000ugkk3eay0h1k"}
{"timestamp":"2026-10-01T18:15:33.159Z","level":"INFO","message":"HTTP Request","method":"GET","path":"/","status":200,"duration":"4ms","userId":"cmupgyqq50000ugkk3eay0h1k"}
{"timestamp":"2026-10-01T18:16:32.244Z","level":"INFO","message":"HTTP Request","method":"GET","path":"/","status":200,"duration":"3ms","userId":"cmupgyqq50000ugkk3eay0h1k"}
{"timestamp":"2026-10-01T18:17:33.163Z","level":"INFO","message":"HTTP Request","method":"GET","path":"/","status":200,"duration":"3ms","userId":"cmupgyqq50000ugkk3eay0h1k"}
{"timestamp":"2026-10-01T18:18:32.281Z","level":"INFO","message":"HTTP Request","method":"GET","path":"/","status":200,"duration":"50ms","userId":"cmupgyqq50000ugkk3eay0h1k"}
{"timestamp":"2026-10-01T18:18:54.079Z","level":"INFO","message":"Broadcast de nova reclamação","complaintId":"cmupuyj0t0003ugkkbg9gdfa9"}
{"timestamp":"2026-10-01T18:18:54.084Z","level":"INFO","message":"HTTP Request","method":"POST","path":"/","status":201,"duration":"108ms","userId":"cmupgyqq50000ugkk3eay0h1k"}
{"timestamp":"2026-10-01T18:19:33.160Z","level":"INFO","message":"HTTP Request","method":"GET","path":"/","status":200,"duration":"3ms","userId":"cmupgyqq50000ugkk3eay0h1k"}
{"timestamp":"2026-10-01T18:20:33.152Z","level":"INFO","message":"HTTP Request","method":"GET","path":"/","status":200,"duration":"3ms","userId":"cmupgyqq50000ugkk3eay0h1k"}
{"timestamp":"2026-10-01T18:21:32.233Z","level":"INFO","message":"HTTP Request","method":"GET","path":"/","status":200,"duration":"2ms","userId":"cmupgyqq50000ugkk3eay0h1k"}
{"timestamp":"2026-10-01T18:22:26.839Z","level":"INFO","message":"Broadcast de nova reclamação","complaintId":"cmupv33680005ugkkdnkjx9r6"}
{"timestamp":"2026-10-01T18:22:26.844Z","level":"INFO","message":"HTTP Request","method":"POST","path":"/","status":201,"duration":"82ms","userId":"cmupgyqq50000ugkk3eay0h1k"}
{"timestamp":"2026-10-01T18:22:32.246Z","level":"INFO","message":"HTTP Request","method":"GET","path":"/","status":200,"duration":"4ms","userId":"cmupgyqq50000ugkk3eay0h1k"}
{"timestamp":"2026-10-01T18:23:33.212Z","level":"INFO","message":"HTTP Request","method":"GET","path":"/","status":200,"duration":"53ms","userId":"cmupgyqq50000ugkk3eay0h1k"}
{"timestamp":"2026-10-01T18:24:33.154Z","level":"INFO","message":"HTTP Request","method":"GET","path":"/","status":200,"duration":"3ms","userId":"cmupgyqq50000ugkk3eay0h1k"}
{"timestamp":"2026-10-01T18:25:33.163Z","level":"INFO","message":"HTTP Request","method":"GET","path":"/","status":200,"duration":"4ms","userId":"cmupgyqq50000ugkk3eay0h1k"}
{"timestamp":"2026-10-01T18:26:33.156Z","level":"INFO","message":"HTTP Request","method":"GET","path":"/","status":200,"duration":"3ms","userId":"cmupgyqq50000ugkk3eay0h1k"}
{"timestamp":"2026-10-01T18:27:33.164Z","level":"INFO","message":"HTTP Request","method":"GET","path":"/","status":200,"duration":"2ms","userId":"cmupgyqq50000ugkk3eay0h1k"}
{"timestamp":"2026-10-01T18:28:34.208Z","level":"INFO","message":"HTTP Request","method":"GET","path":"/","status":200,"duration":"49ms","userId":"cmupgyqq50000ugkk3eay0h1k"}
{"timestamp":"2026-10-01T18:29:35.158Z","level":"INFO","message":"HTTP Request","method":"GET","path":"/","status":200,"duration":"3ms","userId":"cmupgyqq50000ugkk3eay0h1k"}
{"timestamp":"2026-10-01T18:30:36.150Z","level":"INFO","message":"HTTP Request","method":"GET","path":"/","status":200,"duration":"3ms","userId":"cmupgyqq50000ugkk3eay0h1k"}
{"timestamp":"2026-10-01T18:31:37.163Z","level":"INFO","message":"HTTP Request","method":"GET","path":"/","status":200,"duration":"3ms","userId":"cmupgyqq50000ugkk3eay0h1k"}
{"timestamp":"2026-10-01T18:32:38.153Z","level":"INFO","message":"HTTP Request","method":"GET","path":"/","status":200,"duration":"3ms","userId":"cmupgyqq50000ugkk3eay0h1k"}
{"timestamp":"2026-10-01T18:33:15.221Z","level":"INFO","message":"HTTP Request","method":"GET","path":"/","status":200,"duration":"3ms","userId":"cmupgyqq50000ugkk3eay0h1k"}
{"timestamp":"2026-10-01T18:33:15.228Z","level":"INFO","message":"HTTP Request","method":"GET","path":"/","status":200,"duration":"3ms","userId":"cmupgyqq50000ugkk3eay0h1k"}
{"timestamp":"2026-10-01T18:33:15.290Z","level":"INFO","message":"HTTP Request","method":"GET","path":"/","status":200,"duration":"70ms","userId":"cmupgyqq50000ugkk3eay0h1k"}
{"timestamp":"2026-10-01T18:33:15.299Z","level":"INFO","message":"HTTP Request","method":"GET","path":"/","status":200,"duration":"2ms","userId":"cmupgyqq50000ugkk3eay0h1k"}
{"timestamp":"2026-10-01T18:34:15.276Z","level":"INFO","message":"HTTP Request","method":"GET","path":"/","status":200,"duration":"53ms","userId":"cmupgyqq50000ugkk3eay0h1k"}
{"timestamp":"2026-10-01T18:35:15.215Z","level":"INFO","message":"HTTP Request","method":"GET","path":"/","status":200,"duration":"3ms","userId":"cmupgyqq50000ugkk3eay0h1k"}
{"timestamp":"2026-10-01T18:35:40.701Z","level":"INFO","message":"Broadcast de nova reclamação","complaintId":"cmupvk3qg0007ugkk52sg0m0l"}
{"timestamp":"2026-10-01T18:35:40.705Z","level":"INFO","message":"HTTP Request","method":"POST","path":"/","status":201,"duration":"64ms","userId":"cmupgyqq50000ugkk3eay0h1k"}
{"timestamp":"2026-10-01T18:36:15.228Z","level":"INFO","message":"HTTP Request","method":"GET","path":"/","status":200,"duration":"3ms","userId":"cmupgyqq50000ugkk3eay0h1k"}
{"timestamp":"2026-10-01T18:37:15.225Z","level":"INFO","message":"HTTP Request","method":"GET","path":"/","status":200,"duration":"4ms","userId":"cmupgyqq50000ugkk3eay0h1k"}
{"timestamp":"2026-10-01T18:38:15.222Z","level":"INFO","message":"HTTP Request","method":"GET","path":"/","status":200,"duration":"4ms","userId":"cmupgyqq50000ugkk3eay0h1k"}
{"timestamp":"2026-10-01T18:39:15.224Z","level":"INFO","message":"HTTP Request","method":"GET","path":"/","status":200,"duration":"3ms","userId":"cmupgyqq50000ugkk3eay0h1k"}
{"timestamp":"2026-10-01T18:40:16.208Z","level":"INFO","message":"HTTP Request","method":"GET","path":"/","status":200,"duration":"59ms","userId":"cmupgyqq50000ugkk3eay0h1k"}
{"timestamp":"2026-10-01T18:41:15.216Z","level":"INFO","message":"HTTP Request","method":"GET","path":"/","status":200,"duration":"3ms","userId":"cmupgyqq50000ugkk3eay0h1k"}
{"timestamp":"2026-10-01T18:42:15.215Z","level":"INFO","message":"HTTP Request","method":"GET","path":"/","status":200,"duration":"3ms","userId":"cmupgyqq50000ugkk3eay0h1k"}
{"timestamp":"2026-10-01T18:43:15.221Z","level":"INFO","message":"HTTP Request","method":"GET","path":"/","status":200,"duration":"3ms","userId":"cmupgyqq50000ugkk3eay0h1k"}
{"timestamp":"2026-10-01T18:44:03.673Z","level":"INFO","message":"HTTP Request","method":"GET","path":"/","status":200,"duration":"4ms","userId":"cmupgyqq50000ugkk3eay0h1k"}
{"timestamp":"2026-10-01T18:44:03.680Z","level":"INFO","message":"HTTP Request","method":"GET","path":"/","status":200,"duration":"3ms","userId":"cmupgyqq50000ugkk3eay0h1k"}
{"timestamp":"2026-10-01T18:44:15.422Z","level":"INFO","message":"HTTP Request","method":"GET","path":"/","status":200,"duration":"3ms","userId":"cmupgyqq50000ugkk3eay0h1k"}
{"timestamp":"2026-10-01T18:45:03.626Z","level":"INFO","message":"HTTP Request","method":"GET","path":"/","status":200,"duration":"2ms","userId":"cmupgyqq50000ugkk3eay0h1k"}
{"timestamp":"2026-10-01T18:45:16.152Z","level":"INFO","message":"HTTP Request","method":"GET","path":"/","status":200,"duration":"2ms","userId":"cmupgyqq50000ugkk3eay0h1k"}
{"timestamp":"2026-10-01T18:46:04.203Z","level":"INFO","message":"HTTP Request","method":"GET","path":"/","status":200,"duration":"49ms","userId":"cmupgyqq50000ugkk3eay0h1k"}
{"timestamp":"2026-10-01T18:46:16.027Z","level":"INFO","message":"HTTP Request","method":"GET","path":"/","status":200,"duration":"4ms","userId":"cmupgyqq50000ugkk3eay0h1k"}
{"timestamp":"2026-10-01T18:47:03.620Z","level":"INFO","message":"HTTP Request","method":"GET","path":"/","status":200,"duration":"2ms","userId":"cmupgyqq50000ugkk3eay0h1k"}
{"timestamp":"2026-10-01T18:47:16.161Z","level":"INFO","message":"HTTP Request","method":"GET","path":"/","status":200,"duration":"3ms","userId":"cmupgyqq50000ugkk3eay0h1k"}
{"timestamp":"2026-10-01T18:48:04.154Z","level":"INFO","message":"HTTP Request","method":"GET","path":"/","status":200,"duration":"4ms","userId":"cmupgyqq50000ugkk3eay0h1k"}
{"timestamp":"2026-10-01T18:48:15.218Z","level":"INFO","message":"HTTP Request","method":"GET","path":"/","status":200,"duration":"3ms","userId":"cmupgyqq50000ugkk3eay0h1k"}
{"timestamp":"2026-10-01T18:49:04.161Z","level":"INFO","message":"HTTP Request","method":"GET","path":"/","status":200,"duration":"3ms","userId":"cmupgyqq50000ugkk3eay0h1k"}
{"timestamp":"2026-10-01T18:49:15.216Z","level":"INFO","message":"HTTP Request","method":"GET","path":"/","status":200,"duration":"3ms","userId":"cmupgyqq50000ugkk3eay0h1k"}
{"timestamp":"2026-10-01T18:50:04.167Z","level":"INFO","message":"HTTP Request","method":"GET","path":"/","status":200,"duration":"3ms","userId":"cmupgyqq50000ugkk3eay0h1k"}
{"timestamp":"2026-10-01T18:50:15.225Z","level":"INFO","message":"HTTP Request","method":"GET","path":"/","status":200,"duration":"2ms","userId":"cmupgyqq50000ugkk3eay0h1k"}
{"timestamp":"2026-10-01T18:51:03.625Z","level":"INFO","message":"HTTP Request","method":"GET","path":"/","status":200,"duration":"3ms","userId":"cmupgyqq50000ugkk3eay0h1k"}
{"timestamp":"2026-10-01T18:51:16.202Z","level":"INFO","message":"HTTP Request","method":"GET","path":"/","status":200,"duration":"52ms","userId":"cmupgyqq50000ugkk3eay0h1k"}
{"timestamp":"2026-10-01T18:52:03.625Z","level":"INFO","message":"HTTP Request","method":"GET","path":"/","status":200,"duration":"3ms","userId":"cmupgyqq50000ugkk3eay0h1k"}
{"timestamp":"2026-10-01T18:52:16.155Z","level":"INFO","message":"HTTP Request","method":"GET","path":"/","status":200,"duration":"2ms","userId":"cmupgyqq50000ugkk3eay0h1k"}
{"timestamp":"2026-10-01T18:53:04.153Z","level":"INFO","message":"HTTP Request","method":"GET","path":"/","status":200,"duration":"4ms","userId":"cmupgyqq50000ugkk3eay0h1k"}
{"timestamp":"2026-10-01T18:53:16.154Z","level":"INFO","message":"HTTP Request","method":"GET","path":"/","status":200,"duration":"2ms","userId":"cmupgyqq50000ugkk3eay0h1k"}
{"timestamp":"2026-10-01T18:54:15.221Z","level":"INFO","message":"HTTP Request","method":"GET","path":"/","status":200,"duration":"3ms","userId":"cmupgyqq50000ugkk3eay0h1k"}
{"timestamp":"2026-10-01T18:54:33.158Z","level":"INFO","message":"HTTP Request","method":"GET","path":"/","status":200,"duration":"3ms","userId":"cmupgyqq50000ugkk3eay0h1k"}
{"timestamp":"2026-10-01T18:55:15.223Z","level":"INFO","message":"HTTP Request","method":"GET","path":"/","status":200,"duration":"3ms","userId":"cmupgyqq50000ugkk3eay0h1k"}
{"timestamp":"2026-10-01T18:55:34.150Z","level":"INFO","message":"HTTP Request","method":"GET","path":"/","status":200,"duration":"3ms","userId":"cmupgyqq50000ugkk3eay0h1k"}
{"timestamp":"2026-10-01T18:56:15.224Z","level":"INFO","message":"HTTP Request","method":"GET","path":"/","status":200,"duration":"2ms","userId":"cmupgyqq50000ugkk3eay0h1k"}
{"timestamp":"2026-10-01T18:56:35.216Z","level":"INFO","message":"HTTP Request","method":"GET","path":"/","status":200,"duration":"64ms","userId":"cmupgyqq50000ugkk3eay0h1k"}
{"timestamp":"2026-10-01T18:57:15.219Z","level":"INFO","message":"HTTP Request","method":"GET","path":"/","status":200,"duration":"2ms","userId":"cmupgyqq50000ugkk3eay0h1k"}
{"timestamp":"2026-10-01T18:57:24.625Z","level":"INFO","message":"HTTP Request","method":"GET","path":"/","status":200,"duration":"4ms","userId":"cmupgyqq50000ugkk3eay0h1k"}
{"timestamp":"2026-10-01T18:58:04.161Z","level":"INFO","message":"HTTP Request","method":"GET","path":"/","status":200,"duration":"3ms","userId":"cmupgyqq50000ugkk3eay0h1k"}
{"timestamp":"2026-10-01T18:58:15.222Z","level":"INFO","message":"HTTP Request","method":"GET","path":"/","status":200,"duration":"3ms","userId":"cmupgyqq50000ugkk3eay0h1k"}
{"timestamp":"2026-10-01T18:59:15.216Z","level":"INFO","message":"HTTP Request","method":"GET","path":"/","status":200,"duration":"3ms","userId":"cmupgyqq50000ugkk3eay0h1k"}
{"timestamp":"2026-10-01T18:59:43.155Z","level":"INFO","message":"HTTP Request","method":"GET","path":"/","status":200,"duration":"3ms","userId":"cmupgyqq50000ugkk3eay0h1k"}
{"timestamp":"2026-10-01T19:00:16.157Z","level":"INFO","message":"HTTP Request","method":"GET","path":"/","status":200,"duration":"3ms","userId":"cmupgyqq50000ugkk3eay0h1k"}
{"timestamp":"2026-10-01T19:00:43.152Z","level":"INFO","message":"HTTP Request","method":"GET","path":"/","status":200,"duration":"4ms","userId":"cmupgyqq50000ugkk3eay0h1k"}
{"timestamp":"2026-10-01T19:01:15.212Z","level":"INFO","message":"HTTP Request","method":"GET","path":"/","status":200,"duration":"3ms","userId":"cmupgyqq50000ugkk3eay0h1k"}
{"timestamp":"2026-10-01T19:01:43.219Z","level":"INFO","message":"HTTP Request","method":"GET","path":"/","status":200,"duration":"55ms","userId":"cmupgyqq50000ugkk3eay0h1k"}
{"timestamp":"2026-10-01T19:02:16.164Z","level":"INFO","message":"HTTP Request","method":"GET","path":"/","status":200,"duration":"3ms","userId":"cmupgyqq50000ugkk3eay0h1k"}
{"timestamp":"2026-10-01T19:02:43.161Z","level":"INFO","message":"HTTP Request","method":"GET","path":"/","status":200,"duration":"3ms","userId":"cmupgyqq50000ugkk3eay0h1k"}
{"timestamp":"2026-10-01T19:03:15.217Z","level":"INFO","message":"HTTP Request","method":"GET","path":"/","status":200,"duration":"3ms","userId":"cmupgyqq50000ugkk3eay0h1k"}
{"timestamp":"2026-10-01T19:03:41.570Z","level":"INFO","message":"HTTP Request","method":"GET","path":"/","status":200,"duration":"88ms","userId":"cmupgyqq50000ugkk3eay0h1k"}
{"timestamp":"2026-10-01T19:03:41.584Z","level":"INFO","message":"HTTP Request","method":"GET","path":"/","status":200,"duration":"2ms","userId":"cmupgyqq50000ugkk3eay0h1k"}
{"timestamp":"2026-10-01T19:03:43.168Z","level":"INFO","message":"HTTP Request","method":"GET","path":"/","status":200,"duration":"3ms","userId":"cmupgyqq50000ugkk3eay0h1k"}
{"timestamp":"2026-10-01T19:04:10.023Z","level":"INFO","message":"HTTP Request","method":"GET","path":"/","status":200,"duration":"4ms","userId":"cmupgyqq50000ugkk3eay0h1k"}
{"timestamp":"2026-10-01T19:04:16.153Z","level":"INFO","message":"HTTP Request","method":"GET","path":"/","status":200,"duration":"3ms","userId":"cmupgyqq50000ugkk3eay0h1k"}
{"timestamp":"2026-10-01T19:05:04.156Z","level":"INFO","message":"HTTP Request","method":"GET","path":"/","status":200,"duration":"4ms","userId":"cmupgyqq50000ugkk3eay0h1k"}
{"timestamp":"2026-10-01T19:05:15.214Z","level":"INFO","message":"HTTP Request","method":"GET","path":"/","status":200,"duration":"2ms","userId":"cmupgyqq50000ugkk3eay0h1k"}
{"timestamp":"2026-10-01T19:06:15.220Z","level":"INFO","message":"HTTP Request","method":"GET","path":"/","status":200,"duration":"2ms","userId":"cmupgyqq50000ugkk3eay0h1k"}
{"timestamp":"2026-10-01T19:06:33.163Z","level":"INFO","message":"HTTP Request","method":"GET","path":"/","status":200,"duration":"3ms","userId":"cmupgyqq50000ugkk3eay0h1k"}
{"timestamp":"2026-10-01T19:07:15.271Z","level":"INFO","message":"HTTP Request","method":"GET","path":"/","status":200,"duration":"52ms","userId":"cmupgyqq50000ugkk3eay0h1k"}
{"timestamp":"2026-10-01T19:07:34.152Z","level":"INFO","message":"HTTP Request","method":"GET","path":"/","status":200,"duration":"3ms","userId":"cmupgyqq50000ugkk3eay0h1k"}
{"timestamp":"2026-10-01T19:08:15.224Z","level":"INFO","message":"HTTP Request","method":"GET","path":"/","status":200,"duration":"2ms","userId":"cmupgyqq50000ugkk3eay0h1k"}
{"timestamp":"2026-10-01T19:08:35.165Z","level":"INFO","message":"HTTP Request","method":"GET","path":"/","status":200,"duration":"3ms","userId":"cmupgyqq50000ugkk3eay0h1k"}
{"timestamp":"2026-10-01T19:09:15.223Z","level":"INFO","message":"HTTP Request","method":"GET","path":"/","status":200,"duration":"4ms","userId":"cmupgyqq50000ugkk3eay0h1k"}
{"timestamp":"2026-10-01T19:09:36.161Z","level":"INFO","message":"HTTP Request","method":"GET","path":"/","status":200,"duration":"3ms","userId":"cmupgyqq50000ugkk3eay0h1k"}
{"timestamp":"2026-10-01T19:10:15.215Z","level":"INFO","message":"HTTP Request","method":"GET","path":"/","status":200,"duration":"2ms","userId":"cmupgyqq50000ugkk3eay0h1k"}
{"timestamp":"2026-10-01T19:10:37.156Z","level":"INFO","message":"HTTP Request","method":"GET","path":"/","status":200,"duration":"3ms","userId":"cmupgyqq50000ugkk3eay0h1k"}
{"timestamp":"2026-10-01T19:11:15.222Z","level":"INFO","message":"HTTP Request","method":"GET","path":"/","status":200,"duration":"3ms","userId":"cmupgyqq50000ugkk3eay0h1k"}
{"timestamp":"2026-10-01T19:11:38.163Z","level":"INFO","message":"HTTP Request","method":"GET","path":"/","status":200,"duration":"2ms","userId":"cmupgyqq50000ugkk3eay0h1k"}
{"timestamp":"2026-10-01T19:12:15.215Z","level":"INFO","message":"HTTP Request","method":"GET","path":"/","status":200,"duration":"3ms","userId":"cmupgyqq50000ugkk3eay0h1k"}
{"timestamp":"2026-10-01T19:12:18.541Z","level":"INFO","message":"HTTP Request","method":"GET","path":"/","status":200,"duration":"62ms","userId":"cmupgyqq50000ugkk3eay0h1k"}
{"timestamp":"2026-10-01T19:13:04.153Z","level":"INFO","message":"HTTP Request","method":"GET","path":"/","status":200,"duration":"3ms","userId":"cmupgyqq50000ugkk3eay0h1k"}
{"timestamp":"2026-10-01T19:13:16.161Z","level":"INFO","message":"HTTP Request","method":"GET","path":"/","status":200,"duration":"2ms","userId":"cmupgyqq50000ugkk3eay0h1k"}
{"timestamp":"2026-10-01T19:14:43.163Z","level":"INFO","message":"HTTP Request","method":"GET","path":"/","status":200,"duration":"2ms","userId":"cmupgyqq50000ugkk3eay0h1k"}
{"timestamp":"2026-10-01T19:14:43.170Z","level":"INFO","message":"HTTP Request","method":"GET","path":"/","status":200,"duration":"4ms","userId":"cmupgyqq50000ugkk3eay0h1k"}
{"timestamp":"2026-10-01T19:15:43.153Z","level":"INFO","message":"HTTP Request","method":"GET","path":"/","status":200,"duration":"-4ms","userId":"cmupgyqq50000ugkk3eay0h1k"}
{"timestamp":"2026-10-01T19:15:43.158Z","level":"INFO","message":"HTTP Request","method":"GET","path":"/","status":200,"duration":"2ms","userId":"cmupgyqq50000ugkk3eay0h1k"}
{"timestamp":"2026-10-01T19:16:43.151Z","level":"INFO","message":"HTTP Request","method":"GET","path":"/","status":200,"duration":"3ms","userId":"cmupgyqq50000ugkk3eay0h1k"}
{"timestamp":"2026-10-01T19:16:43.164Z","level":"INFO","message":"HTTP Request","method":"GET","path":"/","status":200,"duration":"3ms","userId":"cmupgyqq50000ugkk3eay0h1k"}
{"timestamp":"2026-10-01T19:17:43.208Z","level":"INFO","message":"HTTP Request","method":"GET","path":"/","status":200,"duration":"55ms","userId":"cmupgyqq50000ugkk3eay0h1k"}
{"timestamp":"2026-10-01T19:17:43.214Z","level":"INFO","message":"HTTP Request","method":"GET","path":"/","status":200,"duration":"2ms","userId":"cmupgyqq50000ugkk3eay0h1k"}
{"timestamp":"2026-10-01T19:18:43.156Z","level":"INFO","message":"HTTP Request","method":"GET","path":"/","status":200,"duration":"3ms","userId":"cmupgyqq50000ugkk3eay0h1k"}
{"timestamp":"2026-10-01T19:18:43.162Z","level":"INFO","message":"HTTP Request","method":"GET","path":"/","status":200,"duration":"3ms","userId":"cmupgyqq50000ugkk3eay0h1k"}
{"timestamp":"2026-10-01T19:19:43.159Z","level":"INFO","message":"HTTP Request","method":"GET","path":"/","status":200,"duration":"3ms","userId":"cmupgyqq50000ugkk3eay0h1k"}
{"timestamp":"2026-10-01T19:19:43.166Z","level":"INFO","message":"HTTP Request","method":"GET","path":"/","status":200,"duration":"4ms","userId":"cmupgyqq50000ugkk3eay0h1k"}
{"timestamp":"2026-10-01T19:20:29.873Z","level":"INFO","message":"Testando conexão com o banco (Prisma)..."}
{"timestamp":"2026-10-01T19:20:29.944Z","level":"INFO","message":"Servidor iniciado com sucesso","port":"3001","url":"http://localhost:3001","apiUrl":"http://localhost:3001/api"}
{"timestamp":"2026-10-01T19:20:32.897Z","level":"INFO","message":"Testando conexão com o banco (Prisma)..."}
{"timestamp":"2026-10-01T19:20:32.966Z","level":"INFO","message":"Servidor iniciado com sucesso","port":"3001","url":"http://localhost:3001","apiUrl":"http://localhost:3001/api"}
{"timestamp":"2026-10-01T19:20:43.209Z","level":"INFO","message":"HTTP Request","method":"GET","path":"/","status":200,"duration":"53ms","userId":"cmupgyqq50000ugkk3eay0h1k"}
{"timestamp":"2026-10-01T19:20:43.217Z","level":"INFO","message":"HTTP Request","method":"GET","path":"/","status":200,"duration":"3ms","userId":"cmupgyqq50000ugkk3eay0h1k"}
{"timestamp":"2026-10-01T19:20:47.655Z","level":"INFO","message":"Testando conexão com o banco (Prisma)..."}
{"timestamp":"2026-10-01T19:20:47.725Z","level":"INFO","message":"Servidor iniciado com sucesso","port":"3001","url":"http://localhost:3001","apiUrl":"http://localhost:3001/api"}
{"timestamp":"2026-10-01T19:20:50.135Z","level":"INFO","message":"Testando conexão com o banco (Prisma)..."}
{"timestamp":"2026-10-01T19:20:50.207Z","level":"INFO","message":"Servidor iniciado com sucesso","port":"3001","url":"http://localhost:3001","apiUrl":"http://localhost:3001/api"}
{"timestamp":"2026-10-01T19:20:53.342Z","level":"INFO","message":"Testando conexão com o banco (Prisma)..."}
{"timestamp":"2026-10-01T19:20:53.410Z","level":"INFO","message":"Servidor iniciado com sucesso","port":"3001","url":"http://localhost:3001","apiUrl":"http://localhost:3001/api"}
{"timestamp":"2026-10-01T19:26:21.312Z","level":"INFO","message":"Testando conexão com o banco (Prisma)..."}
{"timestamp":"2026-10-01T19:26:21.424Z","level":"INFO","message":"Servidor iniciado com sucesso","port":"3001","url":"http://localhost:3001","apiUrl":"http://localhost:3001/api"}
{"timestamp":"2026-10-01T19:28:13.365Z","level":"INFO","message":"Testando conexão com o banco (Prisma)..."}
{"timestamp":"2026-10-01T19:28:13.450Z","level":"INFO","message":"Servidor iniciado com sucesso","port":"3001","url":"http://localhost:3001","apiUrl":"http://localhost:3001/api"}
{"timestamp":"2026-10-01T19:32:29.781Z","level":"INFO","message":"Testando conexão com o banco (Prisma)..."}
{"timestamp":"2026-10-01T19:32:29.851Z","level":"INFO","message":"Servidor iniciado com sucesso","port":"3001","url":"http://localhost:3001","apiUrl":"http://localhost:3001/api"}
{"timestamp":"2026-10-01T19:33:05.489Z","level":"INFO","message":"HTTP Request","method":"GET","path":"/","status":200,"duration":"85ms","userId":"cmupgyqq50000ugkk3eay0h1k"}
{"timestamp":"2026-10-01T19:33:05.496Z","level":"INFO","message":"HTTP Request","method":"GET","path":"/","status":200,"duration":"4ms","userId":"cmupgyqq50000ugkk3eay0h1k"}
{"timestamp":"2026-10-01T19:33:08.647Z","level":"INFO","message":"HTTP Request","method":"GET","path":"/","status":200,"duration":"91ms","userId":"cmupgyqq50000ugkk3eay0h1k"}
{"timestamp":"2026-10-01T19:33:08.656Z","level":"INFO","message":"HTTP Request","method":"GET","path":"/","status":200,"duration":"2ms","userId":"cmupgyqq50000ugkk3eay0h1k"}
{"timestamp":"2026-10-01T19:33:24.691Z","level":"INFO","message":"HTTP Request","method":"GET","path":"/","status":200,"duration":"1ms","userId":"cmupgyqq50000ugkk3eay0h1k"}
{"timestamp":"2026-10-01T19:33:24.701Z","level":"INFO","message":"HTTP Request","method":"GET","path":"/","status":200,"duration":"2ms","userId":"cmupgyqq50000ugkk3eay0h1k"}
{"timestamp":"2026-10-01T19:34:06.160Z","level":"INFO","message":"HTTP Request","method":"GET","path":"/","status":200,"duration":"5ms","userId":"cmupgyqq50000ugkk3eay0h1k"}
{"timestamp":"2026-10-01T19:35:05.287Z","level":"INFO","message":"HTTP Request","method":"GET","path":"/","status":200,"duration":"2ms","userId":"cmupgyqq50000ugkk3eay0h1k"}
{"timestamp":"2026-10-01T19:36:05.305Z","level":"INFO","message":"HTTP Request","method":"GET","path":"/","status":200,"duration":"4ms","userId":"cmupgyqq50000ugkk3eay0h1k"}
